On Time,WA15,Wa13,WA14,Wa04,WA01,WA02,WA03,WA05,WA06,WA07,WA08,WA09,WA10,WA11,job
2023.9.23 20:00,-11.54,-14.65,-10.21,-11.3,-13.7,-14.68 ,-14.57,-9.52,-10.12,-10.6,-10.65,-12.45,-11.96,-13.11,WA15
2023.9.23 21:00,-11.54,-14.65,-10.21,-11.3,-13.71,-14.68 ,-14.55,-9.5,-10.09,-10.6,-10.55,-12.45,-11.96,-13.1,Wa13
2023.9.23 22:00,-11.54,-14.65,-10.21,-11.3,-13.68,-14.67 ,-14.56,-9.54,-10.11,-10.6,-10.56,-12.45,-11.96,-13.11,WA14
2023.9.23 23:00,-11.54,-14.65,-10.22,-11.29,-13.7,-14.70 ,-14.61,-9.54,-10.12,-10.6,-10.59,-12.45,-11.95,-13.11,Wa04
2023.9.24 0:00,-11.54,-14.65,-10.22,-11.3,-13.72,-14.69 ,-14.58,-9.51,-10.16,-10.6,-10.6,-12.45,-11.96,-13.11,WA01
2023.9.24 1:00,-11.54,-14.65,-10.22,-11.31,-13.7,-14.67 ,-14.55,-9.5,-10.2,-10.6,-10.63,-12.45,-11.96,-13.12,WA02
2023.9.24 2:00,-11.54,-14.65,-10.22,-11.3,-13.69,-14.71 ,-14.58,-9.5,-10.21,-10.6,-10.66,-12.45,-11.95,-13.1,WA03
2023.9.24 3:00,-11.54,-14.65,-10.22,-11.3,-13.69,-14.70 ,-14.56,-9.52,-10.19,-10.6,-10.62,-12.45,-11.97,-13.11,WA05
2023.9.24 4:00,-11.54,-14.65,-10.22,-11.3,-13.69,-14.71 ,-14.55,-9.55,-10.17,-10.6,-10.63,-12.44,-11.96,-13.11,WA06
2023.9.24 5:00,-11.54,-14.65,-10.22,-11.3,-13.7,-14.70 ,-14.57,-9.53,-10.15,-10.6,-10.6,-12.46,-11.96,-13.11,WA07
2023.9.24 6:00,-11.54,-14.65,-10.21,-11.29,-13.72,-14.67 ,-14.6,-9.51,-10.14,-10.6,-10.59,-12.45,-11.96,-13.1,WA08
2023.9.24 7:00,-11.54,-14.65,-10.21,-11.3,-13.71,-14.69 ,-14.56,-9.53,-10.13,-10.6,-10.58,-12.45,-11.96,-13.11,WA09
2023.9.24 8:00,-11.54,-14.65,-10.21,-11.4,-13.68,-14.68 ,-14.54,-9.5,-10.13,-10.6,-10.6,-12.45,-11.95,-13.12,WA10
2023.9.25 0:00,-11.54,-14.65,-10.21,-11.37,-13.7,-14.70 ,-14.57,-9.52,-10.14,-10.6,-10.59,-12.44,-11.97,-13.11,WA11
2023.9.25 8:00,-11.54,-14.65,-10.21,-11.52,-13.71,-14.71 ,-14.58,-9.53,-10.13,-10.6,-10.58,-12.45,-11.96,-13.11,
2023.9.25 9:00,-11.54,-14.65,-10.21,-11.31,-13.71,-14.69 ,-14.6,-9.51,-10.12,-10.6,-10.57,-12.45,-11.96,-13.1,
2023.9.25 10:00,-11.54,-14.65,-10.21,-11.31,-13.69,-14.67 ,-14.57,-9.52,-10.13,-10.6,-10.58,-12.46,-11.95,-13.11,
2023.9.25 11:00,-11.54,-14.65,-10.21,-11.31,-13.68,-14.67 ,-14.53,-9.51,-10.11,-10.6,-10.58,-12.45,-11.96,-13.12,
2023.9.25 23:00,-11.54,-14.65,-10.21,-11.3,-13.69,-14.68 ,-14.58,-9.54,-10.1,-10.6,-10.56,-12.44,-11.96,-13.1,
2023.9.26 0:00,-11.54,-14.65,-10.21,-11.27,-13.72,-14.67 ,-14.6,-9.54,-10.1,-10.6,-10.56,-12.45,-11.97,-13.11,
2023.9.26 2:00,-11.54,-14.65,-10.21,-11.18,-13.71,-14.67 ,-14.56,-9.53,-10.11,-10.6,-10.57,-12.46,-11.96,-13.11,
2023.9.25 0:00,-11.54,-14.65,-10.21,-11.03,-13.71,-14.68 ,-14.57,-9.51,-10.09,-10.6,-10.55,-12.44,-11.96,-13.11,
2023.9.26 0:00,-11.54,-14.65,-10.22,-11.3,-13.7,-14.69 ,-14.58,-9.49,-10.01,-10.6,-10.5,-12.45,-11.95,-13.12,
2023.9.26 1:00,-11.54,-14.65,-10.22,-11.3,-13.7,-14.69 ,-14.56,-9.52,-9.99,-10.6,-10.48,-12.46,-11.97,-13.11,
2023.9.26 2:00,-11.54,-14.65,-10.21,-11.3,-13.7,-14.68 ,-14.57,-9.53,-10.06,-10.6,-10.53,-12.44,-11.96,-13.11,
2023.9.26 3:00,-11.54,-14.65,-10.21,-11.3,-13.69,-14.68 ,-14.56,-9.53,-10.09,-10.6,-10.55,-12.45,-11.96,-13.11,
2023.9.26 4:00,-11.54,-14.65,-10.21,-11.3,-13.69,-14.67 ,-14.58,-9.53,-10.14,-10.6,-10.59,-12.45,-11.95,-13.11,
2023.9.26 5:00,-11.54,-14.65,-10.22,-11.3,-13.69,-14.67 ,-14.6,-9.51,-10.19,-10.6,-10.63,-12.45,-11.97,-13.11,
2023.9.26 6:00,-11.54,-14.65,-10.21,-11.3,-13.69,-14.67 ,-14.55,-9.54,-10.21,-10.6,-10.66,-12.46,-11.96,-13.11,
2023.9.26 7:00,-11.54,-14.65,-10.21,-11.3,-13.7,-14.70 ,-14.57,-9.49,-10.18,-10.6,-10.63,-12.45,-11.95,-13.1,
2023.9.26 8:00,-11.54,-14.65,-10.21,-11.3,-13.7,-14.68 ,-14.59,-9.5,-10.16,-10.6,-10.61,-12.45,-11.96,-13.12,
2023.9.26 9:00,-11.54,-14.65,-10.21,-11.3,-13.72,-14.67 ,-14.54,-9.53,-10.16,-10.6,-10.6,-12.45,-11.97,-13.11,
2023.9.26 10:00,-11.54,-14.65,-10.21,-11.3,,-14.67 ,-14.57,-9.52,-10.15,-10.6,-10.59,-12.45,-11.96,-13.11,
2023.9.26 11:00,-11.54,-14.65,-10.22,-11.3,-13.69,-14.68 ,-14.57,-9.52,-10.13,-10.6,-10.58,-12.44,-11.96,-13.11,
2023.9.26 12:00,-11.54,-14.65,-10.22,-11.29,-13.71,-14.71 ,-14.55,-9.53,-10.09,-10.6,-10.57,-12.46,-11.95,-13.1,
2023.9.26 13:00,-11.54,-14.65,-10.21,-11.3,-13.71,-14.71 ,-14.56,-9.54,-10.09,-10.6,-10.55,-12.45,-11.97,-13.12,
2023.9.26 14:00,-11.54,-14.65,-10.21,-11.3,-13.72,-14.69 ,-14.61,-9.52,-10.12,-10.6,-10.57,-12.44,-11.96,-13.11,
2023.9.26 15:00,-11.54,-14.65,-10.21,-11.31,-13.71,-14.68 ,-14.57,-9.51,-10.12,-10.6,-10.58,-12.45,-11.95,-13.11,
2023.9.26 16:00,-11.54,-14.65,-10.22,-11.3,-13.8,-14.69 ,-14.57,-9.53,-10.14,-10.6,-10.59,-12.46,-11.96,-13.11,
2023.9.26 17:00,-11.54,-14.65,-10.22,-11.3,-13.8,-14.67 ,-14.57,-9.52,-10.14,-10.6,-10.61,-12.44,-11.96,-13.11,
2023.9.26 18:00,-11.54,-14.65,-10.22,-11.3,-13.7,-14.70 ,-14.54,-9.49,-10.13,-10.6,-10.59,-12.46,-11.96,-13.11,
2023.9.26 19:00,-11.54,-14.65,-10.21,-11.3,-13.7,-14.71 ,-14.59,-9.52,-10.13,-10.6,-10.6,-12.45,-11.97,-13.11,
2023.9.26 20:00,-11.54,-14.65,-10.21,-11.3,-13.68,-14.71 ,-14.59,-9.53,-10.12,-10.6,-10.59,-12.45,-11.96,-13.1,
2023.9.26 21:00,-11.54,-14.65,-10.22,-11.3,-13.65,-14.67 ,-14.57,-9.51,-10.13,-10.6,-10.58,-12.45,-11.95,-13.11,
2023.9.26 22:00,-11.54,-14.65,-10.22,-11.3,-13.68,-14.71 ,-14.57,-9.51,-10.14,-10.6,-10.59,-12.45,-11.96,-13.11,
2023.9.26 23:00,-11.54,-14.65,-10.22,-11.3,-13.7,-14.67 ,-14.58,-9.53,-10.12,-10.6,-10.59,-12.44,-11.96,-13.11,
2023.9.27 0:00,-11.54,-14.65,-10.21,-11.3,-13.74,-14.70 ,-14.55,-9.55,-10.13,-10.6,-10.6,-12.45,-11.97,-13.11,
2023.9.27 1:00,-11.54,-14.65,-10.21,-11.3,-13.73,-14.69 ,-14.56,-9.51,-10.13,-10.6,-10.59,-12.45,-11.96,-13.11,
2023.9.27 2:00,-11.54,-14.65,-10.21,-11.3,-13.67,-14.67 ,-14.59,-9.53,-10.13,-10.6,-10.6,-12.46,-11.96,-13.11,
2023.9.27 3:00,-11.54,-14.65,-10.22,-11.3,-13.63,-14.70 ,-14.57,-9.5,-10.15,-10.6,-10.61,-12.44,-11.96,-13.12,
2023.9.27 4:00,-11.54,-14.65,-10.22,-11.3,-13.6,-14.67 ,-14.57,-9.52,-10.16,-10.6,-10.6,-12.45,-11.96,-13.11,
2023.9.27 5:00,-11.54,-14.65,-10.22,-11.3,-13.64,-14.68 ,-14.55,-9.54,-10.12,-10.6,-10.59,-12.46,-11.96,-13.11,
2023.9.27 6:00,-11.54,-14.65,-10.22,-11.3,-13.69,-14.68 ,-14.54,-9.52,-9.98,-10.6,-10.47,-12.45,-11.96,-13.11,
2023.9.27 7:00,-11.54,-14.65,-10.21,-11.3,-13.72,-14.68 ,-14.6,-9.52,-9.95,-10.6,-10.46,-12.45,-11.96,-13.11,
2023.9.27 8:00,-11.54,-14.65,-10.21,-11.3,-13.75,-14.70 ,-14.6,-9.52,-10.05,-10.6,-10.54,-12.45,-11.95,-13.11,
2023.9.27 9:00,-11.54,-14.65,-10.21,-11.3,-13.8,-14.68 ,-14.56,-9.52,-10.05,-10.6,-10.54,-12.45,-11.97,-13.1,
2023.9.27 10:00,-11.54,-14.65,-10.21,-11.29,-13.78,-14.67 ,-14.57,-9.49,-10.08,-10.6,-10.56,-12.45,-11.96,-13.11,
2023.9.27 11:00,-11.54,-14.65,-10.21,-11.3,-13.72,-14.71 ,-14.57,-9.5,-10.1,-10.6,-10.56,-12.44,-11.95,-13.12,
2023.9.27 12:00,-11.54,-14.65,-10.21,-11.3,-13.72,-14.67 ,-14.56,-9.53,-10.12,-10.6,-10.57,-12.46,-11.96,-13.1,
2023.9.27 13:00,-11.54,-14.65,-10.21,-11.29,-13.71,-14.67 ,-14.58,-9.53,-10.13,-10.6,-10.6,-12.45,-11.97,-13.11,
2023.9.27 14:00,-11.55,-14.65,-10.21,-11.3,-13.71,-14.70 ,-14.58,-9.53,-10.18,-10.6,-10.63,-12.45,-11.96,-13.12,
2023.9.27 15:00,-11.54,-14.65,-10.21,-11.3,-13.72,-14.68 ,-14.57,-9.51,-10.22,-10.6,-10.65,-12.45,-11.96,-13.1,
2023.9.27 16:00,-11.54,-14.65,-10.21,-11.31,-13.71,-14.69 ,-14.54,-9.53,-10.21,-10.6,-10.66,-12.44,-11.95,-13.11,
2023.9.27 17:00,-11.54,-14.65,-10.21,-11.3,-13.7,-14.70 ,-14.56,-9.51,-10.17,-10.6,-10.62,-12.46,-11.97,-13.12,
2023.9.27 18:00,-11.55,-14.65,-10.21,-11.3,-13.7,-14.67 ,-14.58,-9.51,-10.16,-10.6,-10.6,-12.44,-11.96,-13.11,
2023.9.27 19:00,-11.55,-14.65,-10.21,-11.3,-13.7,-14.70 ,-14.57,-9.55,-10.14,-10.6,-10.59,-12.45,-11.96,-13.1,
2023.9.27 20:00,-11.54,-14.65,-10.22,-11.3,-13.7,-14.68 ,-14.59,-9.53,-10.14,-10.6,-10.6,-12.45,-11.95,-13.12,
2023.9.27 21:00,-11.54,-14.65,-10.21,-11.3,-13.7,-14.68 ,-14.58,-9.48,-10.13,-10.6,-10.59,-12.45,-11.96,-13.1,
2023.9.27 22:00,-11.54,-14.65,-10.21,-11.31,-13.68,-14.71 ,-14.54,-9.52,-10.13,-10.6,-10.6,-12.45,-11.97,-13.11,
2023.9.27 23:00,-11.54,-14.65,-10.21,-11.3,-13.67,-14.68 ,-14.57,-9.55,-10.14,-10.6,-10.61,-12.46,-11.96,-13.12,
2023.9.28 0:00,-11.54,-14.65,-10.21,-11.3,-13.57,-14.69 ,-14.6,-9.54,-10.12,-10.6,-10.58,-12.45,-11.95,-13.11,
2023.9.28 1:00,-11.54,-14.65,-10.21,-11.3,-13.59,-14.70 ,-14.57,-9.5,-10.13,-10.6,-10.6,-12.44,-11.96,-13.1,
2023.9.28 2:00,-11.54,-14.65,-10.22,-11.3,-13.69,-14.68 ,-14.55,-9.51,-10.12,-10.6,-10.58,-12.46,-11.96,-13.11,
2023.9.28 3:00,-11.54,-14.65,-10.21,-11.3,-13.68,-14.68 ,-14.57,-9.52,-10.1,-10.6,-10.56,-12.44,-11.96,-13.12,
2023.9.28 4:00,-11.54,-14.65,-10.21,-11.3,-13.71,-14.71 ,-14.56,-9.52,-10.1,-10.6,-10.57,-12.45,-11.96,-13.11,
2023.9.28 5:00,-11.54,-14.65,-10.21,-11.3,-13.75,-14.69 ,-14.58,-9.52,-10.1,-10.6,-10.56,-12.45,-11.96,-13.11,
2023.9.28 6:00,-11.55,-14.65,-10.22,-11.3,-13.75,-14.69 ,-14.59,-9.52,-10.13,-10.6,-10.58,-12.46,-11.96,-13.11,
2023.9.28 7:00,-11.55,-14.65,-10.21,-11.3,-13.7,-14.69 ,-14.54,-9.5,-10.05,-10.6,-10.52,-12.45,-11.97,-13.1,
2023.9.28 8:00,-11.54,-14.65,-10.21,-11.3,-13.65,-14.68 ,-14.56,-9.53,-9.96,-10.6,-10.45,-12.44,-11.96,-13.11,
2023.9.28 9:00,-11.54,-14.65,-10.22,-11.29,-13.67,-14.71 ,-14.58,-9.54,-10.03,-10.6,-10.51,-12.45,-11.96,-13.12,
2023.9.28 10:00,-11.54,-14.65,-10.21,-11.29,-13.7,-14.69 ,-14.58,-9.49,-10.08,-10.6,-10.56,-12.45,-11.96,-13.1,
2023.9.28 11:00,-11.54,-14.65,-10.21,-11.29,-13.7,-14.67 ,-14.59,-9.5,-10.11,-10.6,-10.56,-12.45,-11.96,-13.11,
2023.9.28 12:00,-11.56,-14.65,-10.21,-11.3,-13.7,-14.69 ,-14.56,-9.55,-10.17,-10.6,-10.63,-12.45,-11.96,-13.11,
2023.9.28 13:00,-11.61,-14.65,-10.21,-11.3,-13.7,-14.69 ,-14.57,-9.53,-10.21,-10.6,-10.65,-12.45,-11.96,-13.11,
2023.9.28 14:00,-11.7,-14.65,-10.21,-11.29,-13.69,-14.68 ,-14.56,-9.52,-10.2,-10.6,-10.64,-12.45,-11.96,-13.12,
2023.9.28 15:00,-11.83,-14.65,-10.22,-11.3,-13.7,-14.71 ,-14.54,-9.55,-10.17,-10.6,-10.61,-12.45,-11.96,-13.1,
2023.9.28 16:00,-12.02,-14.65,-10.21,-11.3,-13.71,-14.71 ,-14.57,-9.49,-10.15,-10.6,-10.61,-12.46,-11.96,-13.11,
2023.9.28 17:00,-12.29,-14.65,-10.21,-11.31,-13.7,-14.67 ,-14.59,-9.51,-10.16,-10.6,-10.6,-12.45,-11.96,-13.11,
2023.9.28 18:00,-12.44,-14.65,-10.21,-11.31,-13.7,-14.67 ,-14.58,-9.52,-10.14,-10.6,-10.59,-12.44,-11.96,-13.11,
2023.9.28 19:00,-12.36,-14.65,-10.21,-11.31,-13.7,-14.68 ,-14.55,-9.52,-10.13,-10.6,-10.6,-12.46,-11.96,-13.12,
2023.9.28 20:00,-12.28,-14.65,-10.21,-11.3,-13.69,-14.69 ,-14.55,-9.55,-10.14,-10.6,-10.59,-12.45,-11.95,-13.1,
2023.9.28 21:00,-12.18,-14.65,-10.22,-11.31,-13.7,-14.69 ,-14.59,-9.5,-10.13,-10.6,-10.58,-12.44,-11.96,-13.11,
2023.9.28 22:00,-12.06,-14.65,-10.21,-11.3,-13.63,-14.71 ,-14.6,-9.49,-10.13,-10.6,-10.6,-12.45,-11.97,-13.12,
2023.9.28 23:00,-11.96,-14.65,-10.21,-11.3,-13.64,-14.71 ,-14.56,-9.55,-10.13,-10.6,-10.58,-12.46,-11.96,-13.11,
2023.9.29 0:00,-11.91,-14.65,-10.21,-11.3,-13.72,-14.68 ,-14.56,-9.52,-10.12,-10.6,-10.57,-12.44,-11.96,-13.11,
2023.9.29 1:00,-11.86,-14.65,,-10.7,-13.71,-14.70 ,-14.57,-9.52,-10.12,-10.6,-10.57,-12.46,-11.96,-13.11,
2023.9.29 2:00,-11.81,-14.65,,,-13.75,-14.67 ,,-9.51,-10.06,-10.6,-10.53,-12.57,-12.07,-13.24,
2023.9.29 3:00,-11.67,-14.65,,,-13.75,-14.68 ,,,-10.12,-10.6,-10.57,,,,
2023.9.29 4:00,-11.59,-14.65,,,-13.78,-14.68 ,,,-10.12,-10.6,-10.58,,,,
2023.9.29 5:00,-11.54,-14.65,,,-13.83,-14.70 ,,,-10.12,-10.6,-10.58,,,,
2023.9.29 6:00,-11.54,-14.65,,,-13.86,-14.69 ,,,-10.12,-10.6,-10.57,,,,
2023.9.29 7:00,-11.54,-14.65,,,-13.83,-14.70 ,,,-10.12,-10.6,-10.57,,,,
2023.9.29 8:00,-11.54,-14.65,,,-13.77,-14.71 ,,,-10.12,-10.6,-10.58,,,,
2023.9.29 9:00,-11.54,-14.65,,,-13.77,-14.69 ,,,-10.12,-10.6,-10.59,,,,
2023.9.29 10:00,-11.54,-14.65,,,-13.8,-14.70 ,,,-10.12,-10.6,-10.59,,,,
2023.9.29 11:00,-11.54,-14.65,,,-13.85,-14.71 ,,,-10.12,-10.6,-10.57,,,,
2023.9.29 12:00,-11.54,-14.65,,,-13.89,-14.69 ,,,-10.12,-10.6,-10.59,,,,
2023.9.29 13:00,-11.54,-14.65,,,-13.95,-14.70 ,,,-10.12,-10.6,-10.59,,,,
2023.9.29 14:00,-11.54,-14.65,,,-14.04,-14.68 ,,,-10.12,-10.6,-10.59,,,,
2023.9.29 15:00,-11.54,-14.65,,,-14.22,-14.69 ,,,-10.12,-10.6,-10.59,,,,
2023.9.29 16:00,-11.54,-14.65,,,-14.22,-14.67 ,,,-10.12,-10.6,-10.58,,,,
2023.9.29 17:00,-11.54,-14.65,,,-14.16,-14.68 ,,,-10.12,-10.6,-10.58,,,,
2023.9.29 18:00,-11.54,-14.65,,,-14.1,-14.67 ,,,-10.12,-10.6,-10.58,,,,
2023.9.29 19:00,-11.54,-14.65,,,-13.99,-14.69 ,,,-10.12,-10.6,-10.58,,,,
2023.9.29 20:00,-11.54,-14.65,,,-13.88,-14.71 ,,,-10.12,-10.6,-10.59,,,,
2023.9.29 21:00,-11.54,-14.65,,,-13.77,-14.71 ,,,-10.12,-10.6,-10.57,,,,
2023.9.29 22:00,-11.54,-14.65,,,-13.8,-14.69 ,,,-10.12,-10.6,-10.58,,,,
2023.9.29 23:00,-11.54,-14.65,,,-13.82,-14.67 ,,,-10.12,-10.6,-10.57,,,,
2023.9.30 0:00,-11.54,-14.65,,,-13.78,-14.67 ,,,-10.12,-10.6,-10.59,,,,
2023.9.30 1:00,-11.54,-14.65,,,-13.7,-14.71 ,,,-10.12,-10.6,-10.58,,,,
2023.9.30 2:00,-11.54,-14.65,,,-13.59,-14.70 ,,,-10.12,-10.6,-10.59,,,,
2023.9.30 3:00,-11.54,-14.65,,,-13.52,-14.71 ,,,-10.12,-10.6,-10.57,,,,
2023.9.30 4:00,-11.54,-14.65,,,-13.5,-14.69 ,,,-10.12,-10.6,-10.57,,,,
2023.9.30 5:00,-11.54,-14.65,,,-13.51,-14.68 ,,,-10.12,-10.6,-10.59,,,,
2023.9.30 6:00,-11.54,-14.65,,,-13.55,-14.71 ,,,-10.12,-10.6,-10.59,,,,
2023.9.30 7:00,-11.54,-14.65,,,-13.52,-14.69 ,,,-10.12,-10.6,-10.57,,,,
2023.9.30 8:00,-11.54,-14.65,,,-13.5,-14.71 ,,,-10.12,-10.6,-10.58,,,,
2023.9.30 9:00,-11.54,-14.65,,,-13.5,-14.68 ,,,-10.12,-10.6,-10.58,,,,
2023.9.30 10:00,-11.54,-14.65,,,-13.5,-14.69 ,,,-10.12,-10.6,-10.57,,,,
2023.9.30 11:00,-11.54,-14.65,,,-13.51,-14.70 ,,,-10.12,-10.6,-10.59,,,,
2023.9.30 12:00,-11.54,-14.65,,,-13.51,-14.70 ,,,-10.12,-10.6,-10.58,,,,
2023.9.30 13:00,-11.54,-14.65,,,-13.6,-14.71 ,,,-10.12,-10.6,-10.58,,,,
2023.9.30 14:00,-11.54,-14.65,,,-13.69,-14.71 ,,,-10.12,-10.6,-10.57,,,,
2023.9.30 15:00,-11.54,-14.65,,,-13.68,-14.71 ,,,-10.12,-10.6,-10.58,,,,
2023.9.30 16:00,-11.54,-14.65,,,-13.67,-14.67 ,,,-10.12,-10.6,-10.57,,,,
2023.9.30 17:00,-11.54,-14.65,,,-13.64,-14.68 ,,,-10.12,-10.6,-10.58,,,,
2023.9.30 18:00,-11.54,-14.65,,,-13.58,-14.68 ,,,-10.12,-10.6,-10.58,,,,
2023.9.30 19:00,-11.54,-14.65,,,-13.55,-14.70 ,,,-10.12,-10.6,-10.57,,,,
2023.9.30 20:00,-11.54,-14.65,,,-13.54,-14.69 ,,,-10.12,-10.6,-10.57,,,,
2023.9.30 21:00,-11.54,-14.65,,,-13.57,-14.67 ,,,-10.12,-10.6,-10.57,,,,
2023.9.30 22:00,-11.54,-14.65,,,-13.59,-14.68 ,,,-10.12,-10.6,-10.58,,,,
2023.9.30 23:00,-11.54,-14.65,,,-13.55,-14.67 ,,,-10.12,-10.6,-10.58,,,,
2023.10.1 0:00,-11.54,-14.65,,,-13.47,-14.71 ,,,-10.12,-10.6,-10.57,,,,
2023.10.1 1:00,-11.54,-14.65,,,-13.36,-14.70 ,,,-10.12,-10.6,-10.58,,,,
2023.10.1 2:00,-11.54,-14.65,,,-13.29,-14.71 ,,,-10.12,-10.6,-10.58,,,,
2023.10.1 3:00,-11.54,-14.65,,,-13.27,-14.71 ,,,-10.12,-10.6,-10.57,,,,
2023.10.1 4:00,-11.54,-14.65,,,-13.28,-14.68 ,,,-10.12,-10.6,-10.59,,,,
2023.10.1 5:00,-11.54,-14.65,,,-13.32,-14.68 ,,,-10.12,-10.6,-10.59,,,,
2023.10.1 6:00,-11.54,-14.65,,,-13.41,-14.71 ,,,-10.12,-10.6,-10.59,,,,
2023.10.1 7:00,-11.54,-14.65,,,-13.48,-14.68 ,,,-10.12,-10.6,-10.58,,,,
2023.10.1 8:00,-11.54,-14.65,,,-13.49,-14.70 ,,,-10.12,-10.6,-10.58,,,,
2023.10.1 9:00,-11.54,-14.65,,,-13.5,-14.71 ,,,-10.12,-10.6,-10.59,,,,
2023.10.1 10:00,-11.54,-14.65,,,-13.5,-14.68 ,,,-10.12,-10.6,-10.57,,,,
2023.10.1 11:00,-11.54,-14.65,,,-13.5,-14.70 ,,,-10.12,-10.6,-10.59,,,,
2023.10.1 12:00,-11.54,-14.65,,,-13.51,-14.70 ,,,-10.12,-10.6,-10.58,,,,
2023.10.1 13:00,-11.54,-14.65,,,-13.51,-14.68 ,,,-10.12,-10.6,-10.58,,,,
2023.10.1 14:00,-11.54,-14.65,,,-13.5,-14.71 ,,,-10.12,-10.6,-10.58,,,,
2023.10.1 15:00,-11.54,-14.65,,,-13.49,-14.68 ,,,-10.12,-10.6,-10.59,,,,
2023.10.1 16:00,-11.54,-14.65,,,-13.48,-14.71 ,,,-10.12,-10.6,-10.59,,,,
2023.10.1 17:00,-11.54,-14.65,,,-13.47,-14.67 ,,,-10.12,-10.6,-10.57,,,,
2023.10.1 18:00,-11.54,-14.65,,,-13.46,-14.71 ,,,-10.12,-10.6,-10.59,,,,
2023.10.1 19:00,-11.55,-14.65,,,-13.43,-14.70 ,,,-10.12,-10.6,-10.59,,,,
2023.10.1 20:00,-11.54,-14.65,,,-13.39,-14.69 ,,,-10.12,-10.6,-10.58,,,,
2023.10.1 21:00,-11.54,-14.65,,,-13.25,-14.67 ,,,-10.12,-10.6,-10.59,,,,
2023.10.1 22:00,-11.54,-14.65,,,-13.13,-14.68 ,,,-10.12,-10.6,-10.59,,,,
2023.10.1 23:00,-11.55,-14.65,,,-13.11,-14.67 ,,,-10.12,-10.6,-10.57,,,,
2023.10.2 0:00,-11.55,-14.65,,,-13.08,-14.70 ,,,-10.12,-10.6,-10.59,,,,
2023.10.2 1:00,-11.54,-14.65,,,-13.08,-14.67 ,,,-10.12,-10.6,-10.58,,,,
2023.10.2 2:00,-11.54,-14.65,,,-13.12,-14.68 ,,,-10.12,-10.6,-10.57,,,,
2023.10.2 3:00,-11.54,-14.65,,,-13.16,-14.67 ,,,-10.12,-10.6,-10.58,,,,
2023.10.2 4:00,-11.54,-14.65,,,-13.15,-14.68 ,,,-10.12,-10.6,-10.59,,,,
2023.10.2 5:00,-11.54,-14.65,,,-13.09,-14.71 ,,,-10.12,-10.6,-10.59,,,,
2023.10.2 6:00,-11.54,-14.65,,,-13.05,-14.69 ,,,-10.12,-10.6,-10.57,,,,
2023.10.2 7:00,-11.54,-14.65,,,-13.04,-14.67 ,,,-10.12,-10.6,-10.57,,,,
2023.10.2 8:00,-11.54,-14.65,,,-13.03,-14.67 ,,,-10.12,-10.6,-10.57,,,,
2023.10.2 9:00,-11.54,-14.65,,,-13.02,-14.68 ,,,-10.12,-10.6,-10.59,,,,
2023.10.2 10:00,-11.54,-14.65,,,-13.01,-14.67 ,,,-10.12,-10.6,-10.57,,,,
2023.10.2 11:00,-11.55,-14.65,,,-12.99,-14.67 ,,,-10.12,-10.6,-10.57,,,,
2023.10.2 12:00,-11.55,-14.65,,,-12.98,-14.68 ,,,-10.12,-10.6,-10.57,,,,
2023.10.2 13:00,-11.54,-14.65,,,-12.98,-14.71 ,,,-10.12,-10.6,-10.59,,,,
2023.10.2 14:00,-11.54,-14.65,,,-12.97,-14.71 ,,,-10.12,-10.6,-10.58,,,,
2023.10.2 15:00,-11.54,-14.65,,,-12.96,-14.67 ,,,-10.12,-10.6,-10.57,,,,
2023.10.2 16:00,-11.54,-14.65,,,-12.95,-14.69 ,,,-10.12,-10.6,-10.58,,,,
2023.10.2 17:00,-11.56,-14.65,,,-12.93,-14.70 ,,,-10.12,-10.6,-10.59,,,,
2023.10.2 18:00,-11.61,-14.65,,,-12.92,-14.67 ,,,-10.12,-10.6,-10.57,,,,
2023.10.2 19:00,-11.7,-14.65,,,-12.84,-14.68 ,,,-10.12,-10.6,-10.57,,,,
2023.10.2 20:00,-11.83,-14.65,,,-12.77,-14.69 ,,,-10.12,-10.6,-10.59,,,,
2023.10.2 21:00,-12.02,-14.65,,,-12.78,-14.71 ,,,-10.12,-10.6,-10.58,,,,
2023.10.2 22:00,-12.29,-14.65,,,-12.8,-14.69 ,,,-10.12,-10.6,-10.57,,,,
2023.10.2 23:00,-12.44,-14.65,,,-12.82,-14.68 ,,,-10.12,-10.6,-10.59,,,,
2023.10.3 0:00,-12.36,-14.65,,,-12.82,-14.71 ,,,-10.12,-10.6,-10.58,,,,
2023.10.3 1:00,-12.31,-14.65,,,-12.85,-14.67 ,,,-10.12,-10.6,-10.57,,,,
2023.10.3 2:00,-12.16,-14.65,,,-12.9,-14.69 ,,,-10.12,-10.6,-10.57,,,,
2023.10.3 3:00,-12.07,-14.65,,,-12.93,-14.69 ,,,-10.12,-10.6,-10.59,,,,
2023.10.3 4:00,-12.01,-14.65,,,-12.9,-14.68 ,,,-10.12,-10.6,-10.59,,,,
2023.10.3 5:00,-11.86,-14.65,,,-12.84,-14.70 ,,,-10.12,-10.6,-10.59,,,,
2023.10.3 6:00,-11.77,-14.65,,,-12.84,-14.67 ,,,-10.12,-10.6,-10.58,,,,
2023.10.3 7:00,-11.79,-14.65,,,-12.87,-14.68 ,,,-10.12,-10.6,-10.58,,,,
2023.10.3 8:00,-11.81,-14.65,,,-12.92,-14.68 ,,,-10.12,-10.6,-10.59,,,,
2023.10.3 9:00,-11.83,-14.65,,,-12.96,-14.69 ,,,-10.12,-10.6,-10.58,,,,
2023.10.3 10:00,-11.86,-14.65,,,-13.02,-14.69 ,,,-10.12,-10.6,-10.59,,,,
2023.10.3 11:00,-11.81,-14.65,,,-13.11,-14.67 ,,,-10.12,-10.6,-10.59,,,,
2023.10.3 12:00,-11.79,-14.65,,,-13.29,-14.69 ,,,-10.12,-10.6,-10.58,,,,
2023.10.3 13:00,-11.77,-14.65,,,-12.99,-14.69 ,,,-10.12,-10.6,-10.57,,,,
2023.10.3 14:00,-11.75,-14.65,,,-12.99,-14.70 ,,,-10.12,-10.6,-10.58,,,,
2023.10.3 15:00,-11.74,-14.65,,,-13,-14.69 ,,,-10.12,-10.6,-10.58,,,,
2023.10.3 16:00,-11.68,-14.65,,,-13,-14.68 ,,,-10.12,-10.6,-10.57,,,,
2023.10.3 17:00,-11.66,-14.65,,,-12.99,-14.68 ,,,-10.12,-10.6,-10.57,,,,
2023.10.3 18:00,-11.61,-14.65,,,-12.98,-14.68 ,,,-10.12,-10.6,-10.59,,,,
2023.10.3 19:00,-11.6,-14.65,,,-12.97,-14.70 ,,,-10.12,-10.6,-10.59,,,,
2023.10.3 20:00,-11.59,-14.65,,,-12.96,-14.70 ,,,-10.12,-10.6,-10.57,,,,
2023.10.3 21:00,-11.56,-14.65,,,-12.95,-14.69 ,,,-10.12,-10.6,-10.58,,,,
2023.10.3 22:00,-11.55,-14.65,,,-12.92,-14.69 ,,,-10.12,-10.6,-10.58,,,,
2023.10.3 23:00,-11.54,-14.65,,,-12.88,-14.67 ,,,-10.12,-10.6,-10.57,,,,
2023.10.4 0:00,-11.54,-14.65,,,-12.74,-14.68 ,,,-10.12,-10.6,-10.58,,,,
2023.10.4 1:00,-11.54,-14.65,,,-12.62,-14.70 ,,,-10.12,-10.6,-10.58,,,,
2023.10.4 2:00,-11.54,-14.65,,,-12.6,-14.69 ,,,-10.12,-10.6,-10.58,,,,
2023.10.4 3:00,-11.54,-14.65,,,-12.57,-14.69 ,,,-10.12,-10.6,-10.59,,,,
2023.10.4 4:00,-11.54,-14.65,,,-12.57,-14.68 ,,,-10.12,-10.6,-10.58,,,,
2023.10.4 5:00,-11.54,-14.65,,,-12.61,-14.68 ,,,-10.12,-10.6,-10.58,,,,
2023.10.4 6:00,-11.54,-14.65,,,-12.65,-14.69 ,,,-10.12,-10.6,-10.58,,,,
2023.10.4 7:00,-11.54,-14.65,,,-12.64,-14.71 ,,,-10.12,-10.6,-10.58,,,,
2023.10.4 8:00,-11.54,-14.65,,,-12.58,-14.68 ,,,-10.12,-10.6,-10.57,,,,
2023.10.4 9:00,-11.54,-14.65,,,-12.54,-14.67 ,,,-10.12,-10.6,-10.57,,,,
2023.10.4 10:00,-11.54,-14.65,,,-12.53,-14.69 ,,,-10.12,-10.6,-10.57,,,,
2023.10.4 11:00,-11.54,-14.65,,,-12.52,-14.68 ,,,-10.12,-10.6,-10.58,,,,
2023.10.4 12:00,-11.54,-14.65,,,-12.51,-14.68 ,,,-10.12,-10.6,-10.59,,,,
2023.10.4 13:00,-11.54,-14.65,,,-12.5,-14.69 ,,,-10.12,-10.6,-10.59,,,,
2023.10.4 14:00,-11.54,-14.65,,,-12.48,-14.69 ,,,-10.12,-10.6,-10.59,,,,
2023.10.4 15:00,-11.54,-14.65,,,-12.47,-14.67 ,,,-10.12,-10.6,-10.59,,,,
2023.10.4 16:00,-11.54,-14.65,,,-12.47,-14.71 ,,,-10.12,-10.6,-10.57,,,,
2023.10.4 17:00,-11.54,-14.65,,,-12.46,-14.70 ,,,-10.12,-10.6,-10.58,,,,
2023.10.4 18:00,-11.54,-14.65,,,-12.45,-14.69 ,,,-10.12,-10.6,-10.57,,,,
2023.10.4 19:00,-11.54,-14.65,,,-12.44,-14.69 ,,,-10.12,-10.6,-10.59,,,,
2023.10.4 20:00,-11.54,-14.65,,,-12.42,-14.69 ,,,-10.12,-10.6,-10.57,,,,
2023.10.4 21:00,-11.54,-14.65,,,-12.41,-14.68 ,,,-10.12,-10.6,-10.57,,,,
2023.10.4 22:00,-11.54,-14.65,,,-12.33,-14.69 ,,,-10.12,-10.6,-10.59,,,,
2023.10.4 23:00,-11.54,-14.65,,,-12.26,-14.70 ,,,-10.12,-10.6,-10.57,,,,
2023.10.5 0:00,-11.54,-14.65,,,-12.27,-14.69 ,,,-10.12,-10.6,-10.58,,,,
2023.10.5 1:00,-11.54,-14.65,,,-12.29,-14.67 ,,,-10.12,-10.6,-10.57,,,,
2023.10.5 2:00,-11.54,-14.65,,,-12.31,-14.71 ,,,-10.12,-10.6,-10.59,,,,
2023.10.5 3:00,-11.54,-14.65,,,-12.31,-14.71 ,,,-10.12,-10.6,-10.57,,,,
2023.10.5 4:00,-11.54,-14.65,,,-12.34,-14.67 ,,,-10.12,-10.6,-10.58,,,,
2023.10.5 5:00,-11.54,-14.65,,,-12.39,-14.69 ,,,-10.12,-10.6,-10.58,,,,
2023.10.5 6:00,-11.54,-14.65,,,-12.42,-14.70 ,,,-10.12,-10.6,-10.57,,,,
2023.10.5 7:00,-11.54,-14.65,,,-12.39,-14.68 ,,,-10.12,-10.6,-10.58,,,,
2023.10.5 8:00,-11.54,-14.65,,,-12.33,-14.71 ,,,-10.12,-10.6,-10.59,,,,
2023.10.5 9:00,-11.54,-14.65,,,-12.33,-14.70 ,,,-10.12,-10.6,-10.57,,,,
2023.10.5 10:00,-11.54,-14.65,,,-12.36,-14.70 ,,,-10.12,-10.6,-10.57,,,,
2023.10.5 11:00,-11.54,-14.65,,,-12.41,-14.68 ,,,-10.12,-10.6,-10.57,,,,
2023.10.5 12:00,-11.54,-14.65,,,-12.45,-14.68 ,,,-10.12,-10.6,-10.58,,,,
2023.10.5 13:00,-11.54,-14.65,,,-12.51,-14.70 ,,,-10.12,-10.6,-10.57,,,,
2023.10.5 14:00,-11.54,-14.65,,,-12.6,-14.67 ,,,-10.12,-10.6,-10.57,,,,
2023.10.5 15:00,-11.54,-14.65,,,-12.78,-14.70 ,,,-10.12,-10.6,-10.58,,,,
2023.10.5 16:00,-11.54,-14.65,,,-12.78,-14.68 ,,,-10.12,-10.6,-10.59,,,,
2023.10.5 17:00,-11.55,-14.65,,,-12.72,-14.69 ,,,-10.12,-10.6,-10.57,,,,
2023.10.5 18:00,-11.54,-14.65,,,-12.66,-14.71 ,,,-10.12,-10.6,-10.58,,,,
2023.10.5 19:00,-11.54,-14.65,,,-12.55,-14.69 ,,,-10.12,-10.6,-10.58,,,,
2023.10.5 20:00,-11.54,-14.65,,,-12.44,-14.69 ,,,-10.12,-10.6,-10.57,,,,
2023.10.5 21:00,-11.55,-14.65,,,-12.33,-14.71 ,,,-10.12,-10.6,-10.59,,,,
2023.10.5 22:00,-11.55,-14.65,,,-12.36,-14.68 ,,,-10.12,-10.6,-10.58,,,,
2023.10.5 23:00,-11.54,-14.65,,,-12.38,-14.68 ,,,-10.12,-10.6,-10.59,,,,
2023.10.6 0:00,-11.54,-14.65,,,-12.34,-14.70 ,,,-10.12,-10.6,-10.57,,,,
2023.10.6 1:00,-11.54,-14.65,,,-12.26,-14.69 ,,,-10.12,-10.6,-10.57,,,,
2023.10.6 2:00,-11.54,-14.65,,,-12.15,-14.67 ,,,-10.12,-10.6,-10.58,,,,
2023.10.6 3:00,-11.54,-14.65,,,-12.08,-14.70 ,,,-10.12,-10.6,-10.59,,,,
2023.10.6 4:00,-11.54,-14.65,,,-12.06,-14.69 ,,,-10.12,-10.6,-10.57,,,,
2023.10.6 5:00,-11.54,-14.65,,,-12.07,-14.69 ,,,-10.12,-10.6,-10.57,,,,
2023.10.6 6:00,-11.54,-14.65,,,-12.11,-14.67 ,,,-10.12,-10.6,-10.59,,,,
2023.10.6 7:00,-11.54,-14.65,,,-12.08,-14.70 ,,,-10.12,-10.6,-10.58,,,,
2023.10.6 8:00,-11.54,-14.65,,,-12.06,-14.69 ,,,-10.12,-10.6,-10.58,,,,
2023.10.6 9:00,-11.55,-14.65,,,-12.06,-14.67 ,,,-10.12,-10.6,-10.59,,,,
2023.10.6 10:00,-11.55,-14.65,,,-12.06,-14.70 ,,,-10.12,-10.6,-10.59,,,,
2023.10.6 11:00,-11.54,-14.65,,,-12.07,-14.67 ,,,-10.12,-10.6,-10.57,,,,
2023.10.6 12:00,-11.54,-14.65,,,-12.07,-14.67 ,,,-10.12,-10.6,-10.59,,,,
2023.10.6 13:00,-11.54,-14.65,,,-12.16,-14.67 ,,,-10.12,-10.6,-10.59,,,,
2023.10.6 14:00,-11.54,-14.65,,,-12.25,-14.69 ,,,-10.12,-10.6,-10.57,,,,
2023.10.6 15:00,-11.56,-14.65,,,-12.24,-14.69 ,,,-10.12,-10.6,-10.59,,,,
2023.10.6 16:00,-11.61,-14.65,,,-12.23,-14.70 ,,,-10.12,-10.6,-10.58,,,,
2023.10.6 17:00,-11.7,-14.65,,,-12.2,-14.69 ,,,-10.12,-10.6,-10.58,,,,
2023.10.6 18:00,-11.83,-14.65,,,-12.14,-14.70 ,,,-10.12,-10.6,-10.58,,,,
2023.10.6 19:00,-12.02,-14.65,,,-12.11,-14.71 ,,,-10.12,-10.6,-10.57,,,,
2023.10.6 20:00,-12.29,-14.65,,,-12.1,-14.69 ,,,-10.12,-10.6,-10.58,,,,
2023.10.6 21:00,-12.44,-14.65,,,-12.13,-14.69 ,,,-10.12,-10.6,-10.59,,,,
2023.10.6 22:00,,-14.66,,,-12.15,-14.67 ,,,-10.12,-10.6,-10.57,,,,
2023.10.6 23:00,,-14.66,,,-12.11,-14.69 ,,,-10.12,-10.6,-10.57,,,,
2023.10.7 0:00,,-14.66,,,-12.03,-14.69 ,,,-10.12,-10.6,-10.58,,,,
2023.10.7 1:00,,-14.66,,,-11.92,-14.71 ,,,-10.12,-10.6,-10.57,,,,
2023.10.7 2:00,,-14.66,,,-11.85,-14.68 ,,,-10.12,-10.6,-10.58,,,,
2023.10.7 3:00,,-14.66,,,-11.83,-14.71 ,,,-10.12,-10.6,-10.57,,,,
2023.10.7 4:00,,-14.66,,,-11.84,-14.70 ,,,-10.12,-10.6,-10.58,,,,
2023.10.7 5:00,,-14.66,,,-11.88,-14.68 ,,,-10.12,-10.6,-10.58,,,,
2023.10.7 6:00,,-14.66,,,-11.84,-14.71 ,,,-10.12,-10.6,-10.57,,,,
2023.10.7 7:00,,-14.66,,,-11.83,-14.70 ,,,-10.12,-10.6,-10.57,,,,
2023.10.7 8:00,,-14.65,,,-11.83,-14.71 ,,,-10.12,-10.6,-10.58,,,,
2023.10.7 9:00,,-14.66,,,-11.82,-14.70 ,,,-10.12,-10.6,-10.59,,,,
2023.10.7 10:00,,-14.66,,,-11.81,-14.67 ,,,-10.12,-10.6,-10.58,,,,
2023.10.7 11:00,,-14.66,,,-11.8,-14.70 ,,,-10.12,-10.6,-10.57,,,,
2023.10.7 12:00,,-14.66,,,-11.78,-14.68 ,,,-10.12,-10.6,-10.57,,,,
2023.10.7 13:00,,-14.66,,,-11.77,-14.71 ,,,-10.12,-10.6,-10.57,,,,
2023.10.7 14:00,,-14.66,,,-11.69,-14.68 ,,,-10.12,-10.6,-10.58,,,,
2023.10.7 15:00,,-14.65,,,-11.62,-14.67 ,,,-10.12,-10.6,-10.58,,,,
2023.10.7 16:00,,-14.65,,,-11.63,-14.71 ,,,-10.12,-10.6,-10.58,,,,
2023.10.7 17:00,,-14.65,,,-11.65,-14.68 ,,,-10.12,-10.6,-10.57,,,,
2023.10.7 18:00,,-14.65,,,-11.67,-14.70 ,,,-10.12,-10.6,-10.58,,,,
2023.10.7 19:00,-11.54,-14.65,,,-11.67,-14.68 ,,,-10.12,-10.6,-10.59,,,,
2023.10.7 20:00,-11.54,-14.65,,,-11.7,-14.69 ,,,-10.12,-10.6,-10.59,,,,
2023.10.7 21:00,-11.54,-14.65,,,-11.75,-14.67 ,,,-10.12,-10.6,-10.59,,,,
2023.10.7 22:00,-11.54,-14.65,,,-11.78,-14.71 ,,,-10.12,-10.6,-10.59,,,,
2023.10.7 23:00,-11.54,-14.65,,,-11.75,-14.70 ,,,-10.12,-10.6,-10.59,,,,
2023.10.8 0:00,-11.54,-14.65,-10.21,-11.26,-11.69,-14.71 ,,,-10.12,-10.6,-10.57,,,,
2023.10.8 1:00,-11.54,-14.65,-10.21,-11.3,-13.79,-14.70 ,-14.57,-9.52,-10.12,-10.6,-10.58,-12.45,-11.95,-13.11,
2023.10.8 2:00,-11.59,-14.65,-10.21,-11.3,-13.74,-14.68 ,-14.55,-9.54,-10.07,-10.6,-10.54,-12.45,-11.96,-13.11,
2023.10.8 3:00,-11.54,-14.65,-10.21,-11.31,-13.76,-14.69 ,-14.57,-9.48,-10.04,-10.6,-10.51,-12.44,-11.96,-13.11,
2023.10.8 4:00,-11.54,-14.65,-10.21,-11.3,-13.74,-14.71 ,-14.58,-9.52,-10.02,-10.6,-10.51,-12.45,-11.97,-13.12,
2023.10.8 5:00,-11.54,-14.65,-10.21,-11.3,-13.68,-14.70 ,-14.55,-9.52,-10.02,-10.6,-10.52,-12.46,-11.96,-13.11,
2023.10.8 6:00,-11.54,-14.65,-10.21,-11.3,-13.65,-14.70 ,-14.56,-9.52,-10.08,-10.6,-10.54,-12.45,-11.96,-13.11,
2023.10.8 7:00,-11.54,-14.65,-10.21,-11.29,-13.71,-14.68 ,-14.6,-9.53,-10.1,-10.6,-10.58,-12.45,-11.95,-13.1,
2023.10.8 8:00,-11.54,-14.65,-10.21,-11.3,-13.74,-14.68 ,-14.57,-9.53,-10.1,-10.6,-10.58,-12.44,-11.96,-13.11,
2023.10.8 9:00,-11.54,-14.65,-10.22,-11.3,-13.76,-14.68 ,-14.56,-9.53,-10.14,-10.6,-10.59,-12.45,-11.96,-13.12,
2023.10.8 10:00,-11.54,-14.65,-10.21,-11.29,-13.75,-14.71 ,-14.59,-9.53,-10.19,-10.6,-10.64,-12.45,-11.96,-13.11,
2023.10.8 11:00,-11.54,-14.65,-10.21,-11.3,-13.77,-14.71 ,-14.57,-9.52,-10.15,-10.6,-10.6,-12.46,-11.97,-13.1,
2023.10.8 12:00,-11.54,-14.65,-10.22,-11.3,-13.8,-14.70 ,-14.55,-9.49,-10.14,-10.6,-10.61,-12.45,-11.96,-13.11,
2023.10.8 13:00,-11.54,-14.65,-10.21,-11.3,-13.89,-14.70 ,-14.57,-9.53,-10.16,-10.6,-10.61,-12.44,-11.96,-13.11,
2023.10.8 14:00,-11.54,-14.65,-10.21,-11.29,-13.71,-14.71 ,-14.6,-9.54,-10.15,-10.6,-10.61,-12.45,-11.95,-13.11,
2023.10.8 15:00,-11.54,-14.65,-10.21,-11.3,-13.65,-14.67 ,-14.56,-9.52,-10.13,-10.6,-10.58,-12.45,-11.96,-13.11,
2023.10.8 16:00,-11.54,-14.65,-10.21,-11.31,-13.65,-14.70 ,-14.55,-9.52,-10.13,-10.6,-10.59,-12.46,-11.96,-13.12,
2023.10.8 17:00,-11.54,-14.65,-10.21,-11.3,-13.6,-14.69 ,-14.58,-9.51,-10.13,-10.6,-10.6,-12.45,-11.96,-13.11,
2023.10.8 18:00,-11.54,-14.65,-10.21,-11.3,-13.6,-14.67 ,-14.56,-9.52,-10.14,-10.6,-10.6,-12.45,-11.96,-13.11,
2023.10.8 19:00,-11.54,-14.65,-10.21,-11.31,-13.6,-14.68 ,-14.56,-9.49,-10.13,-10.6,-10.58,-12.45,-11.96,-13.1,
2023.10.8 20:00,-11.54,-14.65,-10.21,-11.3,-13.74,-14.67 ,-14.6,-9.54,-10.12,-10.6,-10.57,-12.45,-11.96,-13.12,
2023.10.8 21:00,-11.54,-14.65,-10.21,-11.3,-13.73,-14.70 ,-14.57,-9.53,-10.13,-10.6,-10.58,-12.44,-11.97,-13.11,
2023.10.8 22:00,-11.54,-14.65,-10.21,-11.3,-13.67,-14.69 ,-14.55,-9.52,-10.12,-10.6,-10.58,-12.46,-11.96,-13.11,
2023.10.8 23:00,-11.54,-14.65,-10.21,-11.3,-13.63,-14.70 ,-14.59,-9.51,-10.12,-10.6,-10.59,-12.45,-11.95,-13.11,
2023.10.9 0:00,-11.54,-14.65,-10.22,-11.3,-13.6,-14.67 ,-14.56,-9.52,-10.13,-10.6,-10.59,-12.44,-11.96,-13.1,
2023.10.9 1:00,-11.54,-14.65,-10.21,-11.3,-13.64,-14.71 ,-14.54,-9.51,-10.13,-10.6,-10.58,-12.45,-11.96,-13.11,
2023.10.9 2:00,-11.54,-14.65,-10.21,-11.3,-13.69,-14.69 ,-14.6,-9.52,-10.09,-10.6,-10.55,-12.45,-11.96,-13.11,
2023.10.9 3:00,-11.54,-14.65,-10.21,-11.3,-13.72,-14.70 ,-14.59,-9.54,-10.07,-10.6,-10.55,-12.45,-11.96,-13.11,
2023.10.9 4:00,-11.54,-14.65,-10.21,-11.3,-13.75,-14.67 ,-14.57,-9.52,-10.03,-10.6,-10.51,-12.45,-11.97,-13.11,
2023.10.9 5:00,-11.54,-14.65,-10.21,-11.3,-13.68,-14.70 ,-14.57,-9.54,-10.01,-10.6,-10.51,-12.45,-11.95,-13.12,
2023.10.9 6:00,-11.54,-14.65,-10.21,-11.3,-13.69,-14.69 ,-14.54,-9.49,-10.03,-10.6,-10.51,-12.46,-11.96,-13.11,
2023.10.9 7:00,-11.54,-14.65,-10.21,-11.3,-13.71,-14.67 ,-14.54,-9.5,-10.08,-10.6,-10.54,-12.45,-11.96,-13.11,
2023.10.9 8:00,-11.54,-14.65,-10.22,-11.3,-13.71,-14.70 ,-14.58,-9.53,-10.14,-10.6,-10.61,-12.45,-11.96,-13.11,
2023.10.9 9:00,-11.54,-14.65,-10.21,-11.3,-13.72,-14.68 ,-14.6,-9.52,-10.16,-10.6,-10.6,-12.45,-11.96,-13.11,
2023.10.9 10:00,-11.54,-14.65,-10.21,-11.29,-13.71,-14.68 ,-14.58,-9.53,-10.21,-10.6,-10.64,-12.44,-11.96,-13.11,
2023.10.9 11:00,-11.54,-14.65,-10.22,-11.29,-13.8,-14.68 ,-14.54,-9.53,-10.17,-10.6,-10.61,-12.46,-11.97,-13.11,
2023.10.9 12:00,-11.54,-14.65,-10.22,-11.29,-13.8,-14.71 ,-14.59,-9.54,-10.17,-10.6,-10.63,-12.45,-11.96,-13.1,
2023.10.9 13:00,-11.54,-14.65,-10.22,-11.3,-13.7,-14.67 ,-14.58,-9.5,-10.14,-10.6,-10.61,-12.45,-11.96,-13.11,
2023.10.9 14:00,-11.54,-14.65,-10.22,-11.29,-13.7,-14.67 ,-14.57,-9.53,-10.13,-10.6,-10.58,-12.45,-11.95,-13.11,
2023.10.9 15:00,-11.54,-14.65,-10.21,-11.3,-13.68,-14.68 ,-14.56,-9.54,-10.15,-10.6,-10.59,-12.45,-11.96,-13.12,
2023.10.9 16:00,-11.54,-14.65,-10.21,-11.3,-13.65,-14.69 ,-14.57,-9.48,-10.13,-10.6,-10.58,-12.44,-11.96,-13.1,
2023.10.9 17:00,-11.54,-14.65,-10.22,-11.31,-13.68,-14.67 ,-14.59,-9.5,-10.13,-10.6,-10.6,-12.45,-11.97,-13.11,
2023.10.9 18:00,-11.54,-14.65,-10.22,-11.31,-13.7,-14.71 ,-14.58,-9.55,-10.13,-10.6,-10.58,-12.46,-11.96,-13.11,
2023.10.9 19:00,-11.54,-14.65,-10.22,-11.31,-13.74,-14.67 ,-14.54,-9.53,-10.11,-10.6,-10.57,-12.44,-11.95,-13.11,
2023.10.9 20:00,-11.54,-14.65,-10.22,-11.3,-13.73,-14.71 ,-14.54,-9.49,-10.11,-10.6,-10.58,-12.45,-11.96,-13.12,
2023.10.9 21:00,-11.54,-14.65,-10.22,-11.31,-13.67,-14.67 ,-14.56,-9.49,-10.13,-10.6,-10.6,-12.45,-11.96,-13.1,
2023.10.9 22:00,-11.54,-14.65,-10.21,-11.3,-13.63,-14.67 ,-14.57,-9.53,-10.13,-10.6,-10.6,-12.45,-11.96,-13.12,
2023.10.9 23:00,-11.54,-14.65,-10.21,-11.3,-13.6,-14.71 ,-14.58,-9.52,-10.14,-10.6,-10.59,-12.45,-11.97,-13.11,
2023.10.10 0:00,-11.54,-14.65,-10.21,-11.31,-13.64,-14.70 ,-14.59,-9.54,-10.12,-10.6,-10.59,-12.45,-11.96,-13.1,
2023.10.10 1:00,-11.54,-14.65,-10.21,-11.3,-13.69,-14.70 ,-14.58,-9.52,-10.12,-10.6,-10.59,-12.46,-11.95,-13.11,
2023.10.10 2:00,-11.54,-14.65,-10.21,-11.3,-13.72,-14.71 ,-14.56,-9.53,-10.07,-10.6,-10.54,-12.45,-11.96,-13.11,
2023.10.10 3:00,-11.54,-14.65,-10.21,-11.3,-13.75,-14.67 ,-14.57,-9.54,-10.07,-10.6,-10.55,-12.45,-11.96,-13.11,
2023.10.10 6:00,-11.54,-14.65,-10.21,-11.3,-13.8,-14.67 ,-14.59,-9.51,-10.05,-10.6,-10.53,-12.45,-11.97,-13.11,
2023.10.10 7:00,-11.54,-14.65,-10.21,-11.3,-13.78,-14.67 ,-14.56,-9.52,-10.06,-10.6,-10.55,-12.45,-11.95,-13.11,
2023.10.10 8:00,-11.54,-14.65,-10.21,-11.3,-13.72,-14.70 ,-14.54,-9.52,-10.12,-10.6,-10.57,-12.44,-11.96,-13.11,
2023.10.10 9:00,-11.54,-14.65,-10.22,-11.3,-13.72,-14.67 ,-14.59,-9.49,-10.12,-10.6,-10.58,-12.45,-11.97,-13.12,
2023.10.10 10:00,-11.54,-14.65,-10.22,-11.29,-13.71,-14.69 ,-14.57,-9.53,-10.12,-10.6,-10.59,-12.46,-11.95,-13.1,
2023.10.10 11:00,-11.54,-14.65,-10.22,-11.28,-13.71,-14.67 ,-14.55,-9.52,-10.16,-10.6,-10.61,-12.45,-11.96,-13.12,
2023.10.10 12:00,-11.54,-14.65,-10.21,-11.28,-13.72,-14.67 ,-14.6,-9.53,-10.15,-10.6,-10.6,-12.45,-11.97,-13.11,
2023.10.10 13:00,-11.54,-14.65,-10.21,-11.3,-13.71,-14.67 ,-14.58,-9.52,-10.16,-10.6,-10.6,-12.44,-11.95,-13.1,
2023.10.10 14:00,-11.54,-14.65,-10.21,-11.3,-13.7,-14.69 ,-14.57,-9.51,-10.14,-10.6,-10.61,-12.45,-11.96,-13.11,
2023.10.10 15:00,-11.54,-14.65,-10.21,-11.3,-13.7,-14.68 ,-14.57,-9.55,-10.14,-10.6,-10.61,-12.46,-11.96,-13.12,
2023.10.10 16:00,-11.54,-14.65,-10.21,-11.3,-13.7,-14.68 ,-14.56,-9.5,-10.13,-10.6,-10.6,-12.45,-11.97,-13.11,
2023.10.10 17:00,-11.54,-14.65,-10.21,-11.31,-13.7,-14.71 ,-14.55,-9.49,-10.13,-10.6,-10.59,-12.45,-11.96,-13.11,
2023.10.10 18:00,-11.54,-14.65,-10.21,-11.31,-13.7,-14.71 ,-14.57,-9.54,-10.14,-10.6,-10.61,-12.44,-11.95,-13.11,
2023.10.10 19:00,-11.55,-14.65,-10.21,-11.31,-13.68,-14.67 ,-14.57,-9.52,-10.12,-10.6,-10.57,-12.45,-11.97,-13.1,
2023.10.10 20:00,-11.54,-14.65,-10.21,-11.3,-13.67,-14.67 ,-14.57,-9.5,-10.14,-10.6,-10.6,-12.45,-11.95,-13.11,
2023.10.10 21:00,-11.54,-14.65,-10.21,-11.31,-13.57,-14.70 ,-14.58,-9.54,-10.12,-10.6,-10.57,-12.45,-11.97,-13.12,
2023.10.10 22:00,-11.54,-14.65,-10.22,-11.3,-13.59,-14.69 ,-14.57,-9.55,-10.12,-10.6,-10.59,-12.46,-11.96,-13.11,
2023.10.10 23:00,-11.55,-14.65,-10.21,-11.3,-13.69,-14.68 ,-14.58,-9.53,-10.13,-10.6,-10.58,-12.45,-11.95,-13.11,
2023.10.11 0:00,-11.55,-14.65,-10.21,-11.3,-13.68,-14.68 ,-14.57,-9.5,-10.12,-10.6,-10.57,-12.45,-11.96,-13.11,
2023.10.11 1:00,-11.54,-14.65,-10.21,-11.3,-13.71,-14.70 ,-14.56,-9.52,-10.12,-10.6,-10.59,-12.45,-11.97,-13.11,
2023.10.11 2:00,-11.54,-14.65,-10.21,-11.31,-13.75,-14.68 ,-14.58,-9.52,-10.09,-10.6,-10.56,-12.45,-11.95,-13.11,
2023.10.11 3:00,-11.54,-14.65,-10.21,-11.3,-13.75,-14.71 ,-14.58,-9.52,-10.05,-10.6,-10.54,-12.45,-11.96,-13.11,
2023.10.11 4:00,-11.54,-14.65,-10.22,-11.3,-13.7,-14.68 ,-14.54,-9.53,-10.06,-10.6,-10.54,-12.45,-11.97,-13.11,
2023.10.11 5:00,-11.54,-14.65,-10.21,-11.3,-13.65,-14.71 ,-14.57,-9.52,-10.05,-10.6,-10.53,-12.44,-11.95,-13.11,
2023.10.11 6:00,-11.54,-14.65,-10.21,-11.3,-13.67,-14.69 ,-14.57,-9.52,-10.03,-10.6,-10.5,-12.45,-11.96,-13.11,
2023.10.11 7:00,-11.54,-14.65,-10.21,-11.3,-13.7,-14.67 ,-14.59,-9.49,-10.1,-10.6,-10.56,-12.45,-11.97,-13.11,
2023.10.11 8:00,-11.54,-14.65,-10.21,-11.3,-13.7,-14.69 ,-14.57,-9.51,-10.11,-10.6,-10.57,-12.58,-12.07,-13.24,
2023.10.11 9:00,-11.54,-14.65,-10.22,-11.29,-13.7,-14.70 ,-14.55,-9.53,-10.14,-10.6,-10.61,,,,
2023.10.11 10:00,-11.54,-14.65,-10.21,-11.3,-13.7,-14.68 ,-14.58,-9.54,-10.17,-10.6,-10.63,,,,
2023.10.11 11:00,-11.55,-14.65,-10.21,-11.28,-13.69,-14.71 ,-14.57,-9.5,-10.17,-10.6,-10.63,,,,
2023.10.11 12:00,-11.55,-14.65,-10.22,-11.28,-13.7,-14.68 ,-14.56,-9.51,-10.16,-10.6,-10.61,,,,
2023.10.11 13:00,-11.54,-14.65,-10.21,-11.3,-13.71,-14.68 ,-14.58,-9.53,-10.14,-10.6,-10.61,,,,
2023.10.11 14:00,-11.54,-14.65,-10.21,-11.3,-13.7,-14.70 ,-14.58,-9.53,-10.15,-10.6,-10.6,,,,
2023.10.11 15:00,-11.54,-14.65,-10.21,-11.3,-13.7,-14.69 ,-14.55,-9.53,-10.13,-10.6,-10.6,,,,
2023.10.11 16:00,-11.54,-14.65,-10.21,-11.3,-13.7,-14.70 ,-14.56,-9.52,-10.12,-10.6,-10.59,,,,
2023.10.11 17:00,-11.56,-14.65,-10.21,-11.31,-13.69,-14.70 ,-14.57,-9.53,-10.12,-10.6,-10.58,,,,
2023.10.11 18:00,-11.61,-14.65,-10.22,-11.31,-13.7,-14.70 ,-14.58,-9.51,-10.13,-10.6,-10.6,,,,
2023.10.11 19:00,-11.7,-14.65,-10.21,-11.31,-13.63,-14.68 ,-14.57,-9.5,-10.12,-10.6,-10.59,,,,
2023.10.11 20:00,-11.83,-14.65,-10.21,-11.3,-13.64,-14.69 ,-14.59,-9.52,-10.12,-10.6,-10.58,,,,
2023.10.11 21:00,-12.02,-14.65,-10.21,-11.31,-13.72,-14.71 ,-14.59,-9.54,-10.11,-10.6,-10.56,,,,
2023.10.11 22:00,-12.29,-14.65,-10.21,-11.3,-13.73,-14.68 ,-14.57,-9.51,-10.12,-10.6,-10.59,,,,
2023.10.11 23:00,-12.44,-14.65,-10.21,-11.3,-13.73,-14.67 ,-14.57,-9.51,-10.12,-10.6,-10.57,,,,
2023.10.12 0:00,-12.36,-14.65,-10.21,-11.3,-13.71,-14.69 ,-14.57,-9.54,-10.11,-10.6,-10.56,,,,
2023.10.12 1:00,-12.31,-14.65,-10.21,-11.3,-13.74,-14.67 ,-14.55,-9.5,-10.13,-10.6,-10.59,,,,
2023.10.12 2:00,-12.16,-14.65,-10.21,-11.3,-13.76,-14.68 ,-14.58,-9.53,-10.1,-10.6,-10.56,,,,
2023.10.12 9:00,-12.07,-14.65,-10.22,-11.31,-13.74,-14.70 ,-14.59,-9.51,-10.09,-10.6,-10.55,,,,
2023.10.12 8:00,-12.01,-14.65,-10.21,-11.3,-13.68,-14.70 ,-14.54,-9.53,-10.07,-10.6,-10.54,,,,
2023.10.12 7:00,-11.86,-14.65,-10.21,-11.3,-13.65,-14.71 ,-14.56,-9.53,-10.08,-10.6,-10.54,,,,
2023.10.12 6:00,-11.77,-14.65,-10.21,-11.29,-13.71,-14.67 ,-14.59,-9.51,-10.08,-10.6,-10.54,,,,
2023.10.12 9:00,-11.79,-14.65,-10.21,-11.3,-13.74,-14.68 ,,-9.51,-10.1,-10.6,-10.57,,,,
2023.10.12 10:00,-11.81,-14.65,-10.2,-11.29,-13.76,-14.68 ,,-9.5,-10.13,-10.6,-10.58,,,,
2023.10.12 11:00,-11.83,-14.65,-10.2,-11.29,-13.75,-14.69 ,-14.57,,-10.15,-10.6,-10.61,,,,
2023.10.12 12:00,-11.86,-14.65,-10.21,-11.28,-13.77,-14.67 ,-14.56,,-10.16,-10.6,-10.61,,,,
2023.10.12 13:00,-11.81,-14.65,-10.21,-11.3,-13.8,-14.67 ,-14.57,,-10.14,-10.6,-10.61,,,,
2023.10.12 14:00,-11.79,-14.65,-10.21,-11.3,-13.89,-14.70 ,-14.59,,-10.14,-10.6,-10.59,,,,
2023.10.12 15:00,-11.77,-14.65,-10.21,-11.3,-13.41,-14.71 ,-14.59,,-10.13,-10.6,-10.58,,,,
2023.10.12 16:00,-11.75,-14.65,-10.21,-11.3,-13.71,-14.67 ,-14.56,,-10.13,-10.6,-10.6,,,,
2023.10.12 17:00,-11.74,-14.65,-10.2,-11.31,-13.72,-14.71 ,-14.55,,-10.13,-10.6,-10.6,,,,
2023.10.12 18:00,-11.68,-14.65,-10.2,-11.31,-13.71,-14.70 ,-14.58,,-10.12,-10.6,-10.59,,,,
2023.10.12 19:00,-11.66,-14.65,-10.2,-11.3,-13.7,-14.69 ,-14.6,,-10.13,-10.6,-10.6,,,,
2023.10.12 20:00,-11.61,-14.65,-10.19,-11.31,-13.7,-14.67 ,-14.56,,-10.12,-10.6,-10.58,,,,
2023.10.12 21:00,-11.6,-14.65,-10.19,-11.3,-13.7,-14.71 ,-14.56,,-10.13,-10.6,-10.59,,,,
2023.10.12 22:00,-11.59,-14.65,-10.19,-11.3,-13.7,-14.70 ,-14.55,,-10.13,-10.6,-10.58,,,,
2023.10.12 23:00,-11.56,-14.65,-10.19,-11.3,-13.7,-14.69 ,-14.57,,-10.14,-10.6,-10.61,,,,
2023.10.13 0:00,-11.55,-14.65,-10.19,-11.31,-13.68,-14.69 ,-14.59,,-10.13,-10.6,-10.58,,,,
2023.10.13 1:00,-11.54,-14.65,-10.19,-11.3,-13.67,-14.67 ,-14.57,,-10.14,-10.6,-10.59,,,,
2023.10.13 2:00,-11.54,-14.65,-10.19,-11.3,-13.57,-14.71 ,-14.56,,-10.14,-10.6,-10.6,,,,
2023.10.13 3:00,-11.54,-14.65,-10.19,-11.3,-13.59,-14.70 ,-14.57,,-10.12,-10.6,-10.59,,,,
2023.10.13 4:00,-11.54,-14.65,-10.19,-11.3,-13.69,-14.68 ,-14.56,,-10.08,-10.6,-10.56,,,,
2023.10.13 5:00,-11.54,-14.65,-10.19,-11.3,-13.68,-14.67 ,-14.58,,-10.07,-10.6,-10.55,,,,
2023.10.13 6:00,-11.54,-14.65,-10.19,-11.3,-13.71,-14.69 ,-14.58,,-10.03,-10.6,-10.52,,,,
2023.10.13 7:00,-11.54,-14.65,-10.19,-11.29,-13.75,-14.70 ,-14.57,,-10.08,-10.6,-10.55,,,,
2023.10.13 8:00,-11.54,-14.65,-10.19,-11.3,-13.75,-14.71 ,-14.56,,-10.11,-10.6,-10.57,,,,
2023.10.13 9:00,-11.54,-14.65,-10.2,-11.3,-13.7,-14.68 ,-14.56,,-10.12,-10.6,-10.59,,,,
2023.10.13 10:00,-11.54,-14.65,-10.2,-11.29,-13.65,-14.69 ,-14.59,,-10.18,-10.6,-10.62,,,,
2023.10.13 11:00,-11.54,-14.65,-10.2,-11.29,-13.67,-14.70 ,-14.57,,-10.18,-10.6,-10.63,,,,
2023.10.13 12:00,-11.54,-14.65,-10.21,-11.3,-13.7,-14.68 ,-14.57,,-10.17,-10.6,-10.63,,,,
2023.10.13 13:00,-11.54,-14.65,-10.21,-11.3,-13.7,-14.71 ,-14.57,,-10.14,-10.6,-10.61,,,,
2023.10.13 14:00,-11.54,-14.65,-10.21,-11.3,-13.7,-14.71 ,-14.57,,-10.14,-10.6,-10.61,,,,
2023.10.13 15:00,-11.54,-14.65,-10.21,-11.3,-13.7,-14.71 ,-14.58,,-10.15,-10.6,-10.59,,,,
2023.10.13 16:00,-11.54,-14.65,-10.21,-11.3,-13.69,-14.69 ,-14.57,,-10.14,-10.6,-10.6,,,,
2023.10.13 17:00,-11.54,-14.65,-10.2,-11.3,-13.7,-14.69 ,-14.54,,-10.13,-10.6,-10.6,,,,
2023.10.13 18:00,-11.54,-14.65,-10.2,-11.31,-13.71,-14.69 ,-14.57,,-10.13,-10.6,-10.59,,,,
2023.10.13 19:00,-11.54,-14.65,-10.2,-11.3,-13.7,-14.71 ,-14.59,,-10.13,-10.6,-10.59,,,,
2023.10.13 20:00,-11.54,-14.65,-10.23,-11.26,-13.7,-14.69 ,-14.56,,-10.13,-10.6,-10.59,,,,
2023.10.13 21:00,-11.54,-14.65,-10.23,-11.3,-13.7,-14.70 ,-14.58,,-10.12,-10.6,-10.58,,,,
2023.10.13 22:00,-11.54,-14.65,-10.19,-11.35,-13.69,-14.67 ,-14.58,,-10.13,-10.6,-10.6,,,,
2023.10.13 23:00,-11.54,-14.65,-10.19,-11.3,-13.7,-14.70 ,-14.55,,-10.13,-10.6,-10.59,,,,
2023.10.14 0:00,-11.54,-14.65,-10.19,-11.3,-13.63,-14.67 ,-14.57,,-10.13,-10.6,-10.6,,,,
2023.10.14 1:00,-11.54,-14.65,-10.19,-11.3,-13.64,-14.67 ,-14.59,,-10.11,-10.6,-10.58,,,,
2023.10.14 2:00,-11.54,-14.65,-10.19,-11.3,-13.72,-14.68 ,-14.55,,-10.05,-10.6,-10.53,,,,
2023.10.14 3:00,-11.54,-14.65,-10.19,-11.3,-13.73,-14.68 ,-14.56,,-10.04,-10.6,-10.52,,,,
2023.10.14 4:00,-11.54,-14.65,-10.19,-11.3,-13.73,-14.68 ,-14.57,,-10.02,-10.6,-10.52,,,,
2023.10.14 5:00,-11.54,-14.65,-10.19,-11.3,-13.71,-14.69 ,-14.57,,-10.03,-10.6,-10.52,,,,
2023.10.14 6:00,-11.54,-14.65,-10.19,-11.3,-13.74,-14.67 ,-14.58,,-10.07,-10.6,-10.54,,,,
2023.10.14 7:00,-11.54,-14.65,-10.19,-11.3,-13.76,-14.70 ,-14.57,,-10.11,-10.6,-10.58,,,,
2023.10.14 8:00,-11.54,-14.65,-10.19,-11.3,-13.74,-14.67 ,-14.57,,-10.16,-10.6,-10.6,,,,
2023.10.14 9:00,-11.54,-14.65,-10.19,-11.3,-13.68,-14.70 ,-14.58,,-10.19,-10.6,-10.63,,,,
2023.10.14 10:00,-11.54,-14.65,-10.2,-11.3,-13.65,-14.70 ,-14.58,,-10.18,-10.6,-10.62,,,,
2023.10.14 11:00,-11.54,-14.65,-10.2,-11.3,-13.71,-14.70 ,-14.55,,-10.16,-10.6,-10.61,,,,
2023.10.14 14:00,-11.54,-14.65,-10.2,-11.29,-13.74,-14.69 ,-14.58,,-10.15,-10.6,-10.61,,,,
2023.10.14 15:00,-11.54,-14.65,-10.21,-11.28,-13.76,-14.67 ,-14.57,,-10.14,-10.6,-10.59,,,,
2023.10.14 16:00,-11.54,-14.65,-10.21,-11.3,-13.75,-14.67 ,-14.54,,-10.14,-10.6,-10.61,,,,
2023.10.14 17:00,-11.54,-14.65,-10.2,-11.31,-13.77,-14.70 ,-14.58,,-10.13,-10.6,-10.58,,,,
2023.10.14 18:00,-11.54,-14.65,-10.2,-11.31,-13.8,-14.68 ,-14.6,,-10.14,-10.6,-10.59,,,,
2023.10.14 19:00,-11.54,-14.65,-10.2,-11.3,-13.89,-14.71 ,-14.56,,-10.13,-10.6,-10.6,,,,
2023.10.14 20:00,-11.54,-14.65,-10.2,-11.3,-13.71,-14.68 ,-14.56,,-10.14,-10.6,-10.59,,,,
2023.10.14 21:00,-11.55,-14.65,-10.2,-11.31,-13.65,-14.67 ,-14.56,,-10.12,-10.6,-10.59,,,,
2023.10.14 22:00,-11.54,-14.65,-10.2,-11.3,-13.65,-14.67 ,-14.57,,-10.12,-10.6,-10.59,,,,
2023.10.14 23:00,-11.54,-14.65,-10.19,-11.3,-13.6,-14.71 ,-14.58,,-10.13,-10.6,-10.6,,,,
2023.10.15 0:00,-11.54,-14.65,-10.19,-11.3,-13.6,-14.67 ,-14.59,,-10.12,-10.6,-10.59,,,,
2023.10.15 1:00,-11.55,-14.65,-10.19,-11.3,-13.6,-14.70 ,-14.56,,-10.12,-10.6,-10.59,,,,
2023.10.15 2:00,-11.55,-14.65,-10.19,-11.3,-13.74,-14.67 ,-14.57,,-10.13,-10.6,-10.58,,,,
2023.10.15 3:00,-11.54,-14.65,-10.19,-11.3,-13.73,-14.68 ,-14.56,,-10.12,-10.6,-10.58,,,,
2023.10.15 4:00,-11.54,-14.65,-10.19,-11.3,-13.67,-14.67 ,-14.57,,-10.1,-10.6,-10.58,,,,
2023.10.15 5:00,-11.54,-14.65,-10.19,-11.3,-13.63,-14.68 ,-14.59,,-10.09,-10.6,-10.56,,,,
2023.10.15 6:00,-11.54,-14.65,-10.19,-11.31,-13.6,-14.71 ,-14.56,,-10.07,-10.6,-10.54,,,,
2023.10.15 7:00,-11.54,-14.65,-10.19,-11.3,-13.64,-14.68 ,-14.55,,-10.07,-10.6,-10.55,,,,
2023.10.15 8:00,-11.54,-14.65,-10.19,-11.3,-13.69,-14.70 ,-14.58,,-10.07,-10.6,-10.54,,,,
2023.10.15 9:00,-11.54,-14.65,-10.19,-11.3,-13.72,-14.69 ,-14.56,,-10.1,-10.6,-10.58,,,,
2023.10.15 10:00,-11.54,-14.65,-10.19,-11.29,-13.75,-14.67 ,-14.57,,-10.12,-10.6,-10.57,,,,
2023.10.15 11:00,-11.54,-14.65,-10.2,-11.29,-13.68,-14.70 ,-14.58,,-10.15,-10.6,-10.61,,,,
2023.10.15 12:00,-11.54,-14.65,-10.21,-11.29,-13.69,-14.69 ,-14.56,,-10.16,-10.6,-10.6,,,,
2023.10.15 13:00,-11.55,-14.65,-10.21,-11.3,-13.71,-14.69 ,-14.58,,-10.15,-10.6,-10.6,,,,
2023.10.15 14:00,-11.55,-14.65,-10.21,-11.3,-13.71,-14.70 ,-14.58,,-10.14,-10.6,-10.61,,,,
2023.10.15 15:00,-11.54,-14.65,-10.21,-11.3,-13.72,-14.71 ,-14.56,,-10.14,-10.6,-10.6,,,,
2023.10.15 16:00,-11.54,-14.65,-10.2,-11.3,-13.71,-14.67 ,-14.56,,-10.14,-10.6,-10.6,,,,
2023.10.15 17:00,-11.54,-14.65,-10.2,-11.31,-13.8,-14.68 ,-14.57,,-10.13,-10.6,-10.6,,,,
2023.10.15 18:00,-11.54,-14.65,-10.19,-11.31,-13.8,-14.70 ,-14.58,,-10.13,-10.6,-10.6,,,,
2023.10.15 19:00,-11.56,-14.65,-10.19,-11.31,-13.7,-14.70 ,-14.59,,-10.12,-10.6,-10.59,,,,
2023.10.15 20:00,-11.61,-14.65,-10.19,-11.3,-13.7,-14.71 ,-14.58,,-10.13,-10.6,-10.58,,,,
2023.10.15 21:00,-11.7,-14.65,-10.19,-11.3,-13.68,-14.70 ,-14.56,,-10.13,-10.6,-10.58,,,,
2023.10.15 22:00,-11.83,-14.65,-10.18,-11.31,-13.65,-14.70 ,-14.57,,-10.12,-10.6,-10.58,,,,
2023.10.15 23:00,-12.02,-14.65,-10.18,-11.3,-13.68,-14.68 ,-14.57,,-10.12,-10.6,-10.58,,,,
2023.10.16 0:00,-12.29,-14.65,-10.18,-11.3,-13.7,-14.69 ,-14.56,,-10.13,-10.6,-10.58,,,,
2023.10.16 1:00,-12.44,-14.65,-10.18,-11.3,-13.74,-14.67 ,-14.54,,-10.12,-10.6,-10.58,,,,
2023.10.16 2:00,,-14.66,-10.17,-11.31,-13.73,-14.67 ,-14.57,,-10.12,-10.6,-10.59,,,,
2023.10.16 3:00,,-14.66,-10.17,-11.3,-13.67,-14.69 ,-14.58,,-10.12,-10.6,-10.58,,,,
2023.10.16 4:00,,-14.66,-10.17,-11.31,-13.63,-14.68 ,-14.59,,-10.11,-10.6,-10.58,,,,
2023.10.16 5:00,,-14.66,-10.17,-11.3,-13.6,-14.67 ,-14.58,,-10.09,-10.6,-10.56,,,,
2023.10.16 6:00,,-14.66,-10.16,-11.31,-13.64,-14.71 ,-14.55,,-10.07,-10.6,-10.55,,,,
2023.10.16 7:00,,-14.66,-10.16,-11.3,-13.69,-14.70 ,-14.57,,-10.07,-10.6,-10.54,,,,
2023.10.16 8:00,,-14.66,-10.16,-11.3,-13.72,-14.70 ,-14.58,,-10.07,-10.6,-10.55,,,,
2023.10.16 9:00,,-14.66,-10.15,-11.31,-13.75,-14.71 ,-14.56,,-10.1,-10.6,-10.57,,,,
2023.10.16 10:00,,-14.66,-10.15,-11.3,-13.67,-14.67 ,-14.57,,-10.12,-10.6,-10.59,,,,
2023.10.16 11:00,,-14.66,-10.17,-11.28,-13.7,-14.68 ,-14.58,,-10.15,-10.6,-10.6,,,,
2023.10.16 12:00,,-14.65,-10.18,-11.29,-13.71,-14.67 ,-14.56,,-10.16,-10.6,-10.6,,,,
2023.10.16 13:00,,-14.66,-10.17,-11.3,-13.7,-14.68 ,-14.56,,-10.15,-10.6,-10.61,,,,
2023.10.16 14:00,,-14.66,-10.17,-11.31,-13.7,-14.70 ,-14.58,,-10.14,-10.6,-10.59,,,,
2023.10.16 15:00,,-14.66,-10.17,-11.3,-13.7,-14.67 ,-14.57,,-10.14,-10.6,-10.61,,,,
2023.10.16 16:00,,-14.66,-10.16,-11.32,-13.69,-14.70 ,-14.55,,-10.14,-10.6,-10.59,,,,
2023.10.16 17:00,,-14.66,-10.14,-11.32,-13.7,-14.71 ,-14.58,,-10.13,-10.6,-10.59,,,,
2023.10.16 18:00,,-14.66,-10.13,-11.32,-13.63,-14.69 ,-14.58,,-10.13,-10.6,-10.6,,,,
2023.10.16 19:00,,-14.65,-10.17,-11.24,-13.64,-14.68 ,-14.58,,-10.12,-10.6,-10.58,,,,
2023.10.19 0:00,,-14.65,-10.21,-11.23,-13.72,-14.69 ,-14.57,,-10.13,-10.6,-10.59,,,,
2023.10.19 12:00,,-14.65,-10.21,-11.3,-13.73,-14.70 ,-14.56,,-10.21,-10.6,-10.65,,,,
2023.10.19 13:00,,-14.65,-10.21,-11.29,-13.73,-14.69 ,-14.56,,-10.15,-10.6,-10.6,,,,
2023.10.19 14:00,,-14.65,-10.22,-11.3,-13.71,-14.67 ,,,-10.09,-10.6,-10.56,,,,
2023.10.19 15:00,-11.54,-14.65,-10.22,,-13.74,-14.70 ,,,-10.12,-10.6,-10.58,,,,
2023.10.19 16:00,-11.54,-14.65,-10.22,-11.31,-13.76,-14.67 ,,,-10.12,-10.6,-10.58,,,,
2023.10.19 17:00,-11.54,-14.65,-10.21,-11.3,-13.74,-14.69 ,,,-10.14,-10.6,-10.61,,,,
2023.10.19 18:00,-11.54,-14.65,-10.21,-11.3,-13.68,-14.68 ,,,-10.14,-10.6,-10.59,,,,
2023.10.19 19:00,-11.54,-14.65,-10.21,-11.3,-13.65,-14.68 ,,,-10.13,-10.6,-10.59,,,,
2023.10.19 20:00,-11.54,-14.65,-10.21,-11.3,-13.71,-14.68 ,,,-10.13,-10.6,-10.6,,,,
2023.10.19 21:00,-11.54,-14.65,-10.21,-11.3,-13.74,-14.70 ,,,-10.12,-10.6,-10.58,,,,
2023.10.19 22:00,-11.54,-14.65,-10.21,-11.3,-13.76,-14.70 ,,,-10.13,-10.6,-10.6,,,,
2023.10.19 23:00,-11.54,-14.65,-10.21,-11.31,-13.75,-14.71 ,,,-10.14,-10.6,-10.59,,,,
2023.10.20 0:00,-11.54,-14.65,-10.21,-11.3,-13.77,-14.71 ,,,-10.12,-10.6,-10.57,,,,
2023.10.20 1:00,-11.54,-14.65,-10.21,-11.3,-13.8,-14.67 ,,,-10.13,-10.6,-10.6,,,,
2023.10.20 2:00,-11.54,-14.65,-10.21,-11.3,-13.89,-14.68 ,,,-10.13,-10.6,-10.59,,,,
2023.10.20 3:00,-11.54,-14.65,-10.21,-11.3,-13.61,-14.68 ,,,-10.13,-10.6,-10.6,,,,
2023.10.20 4:00,-11.54,-14.65,-10.21,-11.3,-13.63,-14.67 ,,,-10.15,-10.6,-10.59,,,,
2023.10.20 5:00,-11.54,-14.65,-10.2,-11.3,-13.67,-14.68 ,,,-10.16,-10.6,-10.6,,,,
2023.10.20 6:00,-11.54,-14.65,-10.2,-11.31,-13.62,-14.68 ,,,-10.12,-10.6,-10.59,,,,
2023.10.20 7:00,-11.54,-14.65,-10.2,-11.3,-13.64,-14.69 ,,,-9.98,-10.6,-10.49,,,,
2023.10.20 8:00,-11.54,-14.65,-10.2,-11.3,-13.59,-14.68 ,,,-9.95,-10.6,-10.44,,,,
2023.10.20 9:00,-11.54,-14.65,-10.2,-11.3,-13.64,-14.67 ,,,-10.05,-10.6,-10.52,,,,
2023.10.20 10:00,-11.54,-14.65,-10.2,-11.3,-13.66,-14.69 ,,,-10.05,-10.6,-10.54,,,,
2023.10.20 11:00,-11.54,-14.65,-10.2,-11.29,-13.69,-14.67 ,,,-10.08,-10.6,-10.56,,,,
2023.10.20 12:00,-11.54,-14.65,-10.21,-11.29,-13.71,-14.69 ,,,-10.1,-10.6,-10.56,,,,
2023.10.20 13:00,-11.54,-14.65,-10.21,-11.3,-13.71,-14.70 ,,,-10.12,-10.6,-10.57,,,,
2023.10.20 14:00,-11.54,-14.65,-10.21,-11.3,-13.72,-14.70 ,,,-10.13,-10.6,-10.6,,,,
2023.10.20 15:00,-11.54,-14.65,-10.21,-11.3,-13.71,-14.67 ,,,-10.18,-10.6,-10.64,,,,
2023.10.20 16:00,-11.54,-14.65,-10.21,-11.31,-13.8,-14.71 ,,,-10.22,-10.6,-10.64,,,,
2023.10.20 17:00,-11.54,-14.65,-10.2,-11.3,-13.8,-14.68 ,,,-10.21,-10.6,-10.66,,,,
2023.10.20 18:00,-11.54,-14.65,-10.2,-11.31,-13.7,-14.70 ,,,-10.17,-10.6,-10.63,,,,
2023.10.20 19:00,-11.54,-14.65,-10.2,-11.3,-13.7,-14.69 ,,,-10.16,-10.6,-10.62,,,,
2023.10.20 20:00,-11.54,-14.65,-10.2,-11.3,-13.68,-14.68 ,,,-10.14,-10.6,-10.6,,,,
2023.10.20 21:00,-11.54,-14.65,-10.2,-11.31,-13.65,-14.69 ,,,-10.14,-10.6,-10.61,,,,
2023.10.20 22:00,-11.54,-14.65,-10.2,-11.3,-13.68,-14.67 ,,,-10.13,-10.6,-10.6,,,,
2023.10.20 23:00,-11.54,-14.65,-10.2,-11.3,-13.7,-14.67 ,,,-10.13,-10.6,-10.59,,,,
2023.10.21 0:00,-11.54,-14.65,-10.2,-11.3,-13.74,-14.70 ,,,-10.14,-10.6,-10.61,,,,
2023.10.21 1:00,-11.54,-14.65,-10.2,-11.3,-13.73,-14.68 ,,,-10.12,-10.6,-10.59,,,,
2023.10.21 2:00,-11.54,-14.65,-10.2,-11.3,-13.67,-14.71 ,,,-10.13,-10.6,-10.59,,,,
2023.10.21 3:00,-11.54,-14.65,-10.19,-11.3,-13.63,-14.68 ,,,-10.12,-10.6,-10.59,,,,
2023.10.21 4:00,-11.54,-14.65,-10.19,-11.3,-13.6,-14.71 ,,,-10.1,-10.6,-10.58,,,,
2023.10.21 5:00,-11.54,-14.65,-10.2,-11.3,-13.64,-14.67 ,,,-10.1,-10.6,-10.57,,,,
2023.10.21 6:00,-11.54,-14.65,-10.2,-11.29,-13.69,-14.71 ,,,-10.1,-10.6,-10.56,,,,
2023.10.21 7:00,-11.54,-14.65,-10.2,-11.3,-13.72,-14.67 ,,,-10.13,-10.6,-10.59,,,,
2023.10.21 8:00,-11.55,-14.65,-10.2,-11.31,-13.75,-14.71 ,,,-10.05,-10.6,-10.53,,,,
2023.10.21 9:00,-11.54,-14.65,-10.2,-11.3,-13.8,-14.69 ,,,-9.96,-10.6,-10.45,,,,
2023.10.21 10:00,-11.54,-14.65,-10.2,-11.29,-13.78,-14.70 ,,,-10.03,-10.6,-10.52,,,,
2023.10.21 11:00,-11.54,-14.65,-10.21,-11.29,-13.72,-14.68 ,,,-10.08,-10.6,-10.55,,,,
2023.10.21 12:00,-11.55,-14.65,-10.22,-11.28,-13.72,-14.71 ,,,-10.11,-10.6,-10.57,,,,
2023.10.21 13:00,-11.55,-14.65,-10.22,-11.3,-13.71,-14.70 ,,,-10.17,-10.6,-10.62,,,,
2023.10.21 14:00,-11.54,-14.65,-10.22,-11.3,-13.71,-14.69 ,,,-10.21,-10.6,-10.65,,,,
2023.10.21 15:00,-11.54,-14.65,-10.21,-11.3,-13.72,-14.70 ,,,-10.2,-10.6,-10.65,,,,
2023.10.21 16:00,-11.54,-14.65,-10.21,-11.31,-13.71,-14.67 ,,,-10.17,-10.6,-10.63,,,,
2023.10.21 17:00,-11.54,-14.65,-10.21,-11.3,-13.7,-14.68 ,,,-10.15,-10.6,-10.6,,,,
2023.10.21 18:00,-11.54,-14.65,-10.2,-11.31,-13.7,-14.69 ,,,-10.16,-10.6,-10.62,,,,
2023.10.21 19:00,-11.54,-14.65,-10.2,-11.31,-13.7,-14.71 ,,,-10.14,-10.6,-10.61,,,,
2023.10.21 20:00,-11.54,-14.65,-10.2,-11.3,-13.7,-14.70 ,,,-10.13,-10.6,-10.59,,,,
2023.10.21 21:00,-11.54,-14.65,-10.2,-11.3,-13.7,-14.67 ,,,-10.14,-10.6,-10.61,,,,
2023.10.21 22:00,-11.54,-14.65,-10.2,-11.3,-13.68,-14.69 ,,,-10.13,-10.6,-10.59,,,,
2023.10.21 23:00,-11.54,-14.65,-10.2,-11.31,-13.67,-14.70 ,,,-10.13,-10.6,-10.58,,,,
2023.10.22 0:00,-11.55,-14.65,-10.2,-11.3,-13.57,-14.68 ,,,-10.13,-10.6,-10.59,,,,
2023.10.22 1:00,-11.55,-14.65,-10.2,-11.3,-13.59,-14.69 ,,,-10.12,-10.6,-10.59,,,,
2023.10.22 2:00,-11.54,-14.65,-10.19,-11.3,-13.69,-14.71 ,,,-10.12,-10.6,-10.59,,,,
2023.10.22 3:00,-11.54,-14.65,-10.19,-11.3,-13.68,-14.70 ,,,-10.14,-10.6,-10.59,,,,
2023.10.22 4:00,-11.54,-14.65,-10.19,-11.3,-13.71,-14.71 ,,,-10.12,-10.6,-10.57,,,,
2023.10.22 5:00,-11.54,-14.65,-10.19,-11.3,-13.75,-14.70 ,,,-10.07,-10.6,-10.53,,,,
2023.10.22 6:00,-11.56,-14.65,-10.19,-11.3,-13.75,-14.70 ,,,-10.04,-10.6,-10.53,,,,
2023.10.22 7:00,-11.61,-14.65,-10.19,-11.3,-13.7,-14.69 ,,,-10.02,-10.6,-10.51,,,,
2023.10.22 8:00,-11.7,-14.65,-10.19,-11.3,-13.65,-14.70 ,,,-10.02,-10.6,-10.52,,,,
2023.10.22 9:00,-11.83,-14.65,-10.2,-11.3,-13.67,-14.71 ,,,-10.08,-10.6,-10.56,,,,
2023.10.22 10:00,-12.02,-14.65,-10.2,-11.29,-13.7,-14.67 ,,,-10.1,-10.6,-10.56,,,,
2023.10.22 11:00,-12.29,-14.65,-10.21,-11.29,-13.7,-14.67 ,,,-10.1,-10.6,-10.58,,,,
2023.10.22 12:00,-12.44,-14.65,-10.22,-11.28,-13.7,-14.68 ,,,-10.14,-10.6,-10.61,,,,
2023.10.22 13:00,-12.42,-14.65,-10.22,-11.3,-13.7,-14.67 ,,,-10.19,-10.6,-10.63,,,,
2023.10.22 14:00,-12.41,-14.65,-10.22,-11.3,-13.69,-14.68 ,,,-10.15,-10.6,-10.59,,,,
2023.10.22 15:00,-12.38,-14.65,-10.22,-11.3,-13.7,-14.70 ,,,-10.14,-10.6,-10.61,,,,
2023.10.22 16:00,-12.37,-14.65,-10.21,-11.31,-13.71,-14.67 ,,,-10.16,-10.6,-10.6,,,,
2023.10.22 17:00,-12.36,-14.65,-10.21,-11.3,-13.7,-14.68 ,,,-10.15,-10.6,-10.59,,,,
2023.10.22 18:00,-12.31,-14.65,-10.21,-11.31,-13.7,-14.71 ,,,-10.13,-10.6,-10.59,,,,
2023.10.22 19:00,-12.16,-14.65,-10.21,-11.3,-13.7,-14.70 ,,,-10.13,-10.6,-10.6,,,,
2023.10.22 20:00,-12.07,-14.65,-10.21,-11.3,-13.69,-14.67 ,,,-10.13,-10.6,-10.59,,,,
2023.10.22 21:00,-12.01,-14.65,-10.21,-11.3,-13.7,-14.68 ,,,-10.14,-10.6,-10.6,,,,
2023.10.22 22:00,-11.86,-14.65,-10.2,-11.31,-13.63,-14.71 ,,,-10.13,-10.6,-10.58,,,,
2023.10.22 23:00,-11.77,-14.65,-10.2,-11.3,-13.64,-14.68 ,,,-10.12,-10.6,-10.58,,,,
2023.10.23 0:00,-11.79,-14.65,-10.2,-11.3,-13.72,-14.71 ,,,-10.13,-10.6,-10.6,,,,
2023.10.23 1:00,-11.81,-14.65,-10.2,-11.3,-13.73,-14.68 ,,,-10.12,-10.6,-10.59,,,,
2023.10.23 2:00,-11.83,-14.65,-10.2,-11.3,-13.73,-14.71 ,,,-10.12,-10.6,-10.57,,,,
2023.10.23 3:00,-11.86,-14.65,-10.2,-11.3,-13.71,-14.67 ,,,-10.13,-10.6,-10.58,,,,
2023.10.23 4:00,-11.81,-14.65,-10.2,-11.3,-13.74,-14.71 ,,,-10.13,-10.6,-10.6,,,,
2023.10.23 5:00,-11.79,-14.65,-10.2,-11.3,-13.76,-14.71 ,,,-10.09,-10.6,-10.55,,,,
2023.10.23 6:00,-11.77,-14.65,-10.2,-11.3,-13.74,-14.68 ,,,-10.07,-10.6,-10.55,,,,
2023.10.23 7:00,-11.75,-14.65,-10.2,-11.3,-13.68,-14.71 ,,,-10.03,-10.6,-10.51,,,,
2023.10.23 8:00,-11.74,-14.65,-10.2,-11.3,-13.65,-14.69 ,,,-10.01,-10.6,-10.5,,,,
2023.10.23 9:00,-11.68,-14.65,-10.2,-11.29,-13.71,-14.69 ,,,-10.03,-10.6,-10.52,,,,
2023.10.23 10:00,-11.66,-14.65,-10.21,-11.3,-13.74,-14.70 ,,,-10.08,-10.6,-10.56,,,,
2023.10.23 11:00,-11.61,-14.65,-10.21,-11.29,-13.76,-14.69 ,,,-10.14,-10.6,-10.6,,,,
2023.10.23 12:00,-11.6,-14.65,-10.22,-11.28,-13.75,-14.68 ,,,-10.16,-10.6,-10.61,,,,
2023.10.23 13:00,-11.59,-14.65,-10.22,-11.3,-13.77,-14.68 ,,,-10.21,-10.6,-10.66,,,,
2023.10.23 14:00,-11.54,-14.65,-10.22,-11.31,-13.8,-14.68 ,,,-10.17,-10.6,-10.62,,,,
2023.10.23 15:00,-11.54,-14.65,-10.22,-11.3,-13.89,-14.67 ,,,-10.17,-10.6,-10.63,,,,
2023.10.23 16:00,-11.54,-14.65,-10.22,-11.3,-13.71,-14.69 ,,,-10.14,-10.6,-10.59,,,,
2023.10.23 17:00,-11.54,-14.65,-10.21,-11.31,-13.65,-14.67 ,,,-10.13,-10.6,-10.59,,,,
2023.10.23 18:00,-11.54,-14.65,-10.21,-11.3,-13.65,-14.68 ,,,-10.15,-10.6,-10.61,,,,
2023.10.23 19:00,-11.54,-14.65,-10.21,-11.31,-13.6,-14.71 ,,,-10.13,-10.6,-10.58,,,,
2023.10.23 20:00,-11.54,-14.65,-10.21,-11.3,-13.6,-14.68 ,,,-10.13,-10.6,-10.6,,,,
2023.10.23 21:00,-11.54,-14.65,-10.21,-11.3,-13.6,-14.67 ,,,-10.13,-10.6,-10.6,,,,
2023.10.23 22:00,-11.54,-14.65,-10.21,-11.31,-13.74,-14.67 ,,,-10.11,-10.6,-10.58,,,,
2023.10.23 23:00,-11.54,-14.65,-10.21,-11.3,-13.73,-14.68 ,,,-10.11,-10.6,-10.56,,,,
2023.10.24 0:00,-11.54,-14.65,-10.21,-11.29,-13.67,-14.71 ,,,-10.13,-10.6,-10.59,,,,
2023.10.24 1:00,-11.54,-14.65,-10.21,-11.3,-13.63,-14.68 ,,,-10.13,-10.6,-10.6,,,,
2023.10.24 2:00,-11.54,-14.65,-10.21,-11.3,-13.6,-14.71 ,,,-10.14,-10.6,-10.6,,,,
2023.10.24 3:00,-11.54,-14.65,-10.2,-11.31,-13.64,-14.69 ,,,-10.12,-10.6,-10.58,,,,
2023.10.24 4:00,-11.54,-14.65,-10.2,-11.3,-13.69,-14.69 ,,,-10.12,-10.6,-10.57,,,,
2023.10.24 5:00,-11.54,-14.65,-10.2,-11.3,-13.72,-14.71 ,,,-10.07,-10.6,-10.55,,,,
2023.10.24 6:00,-11.54,-14.65,-10.2,-11.3,-13.75,-14.71 ,,,-10.07,-10.6,-10.54,,,,
2023.10.24 7:00,-11.54,-14.65,-10.2,-11.3,-13.68,-14.69 ,,,-10.05,-10.6,-10.52,,,,
2023.10.24 8:00,-11.54,-14.65,-10.2,-11.29,-13.69,-14.69 ,,,-10.06,-10.6,-10.55,,,,
2023.10.24 9:00,-11.54,-14.65,-10.21,-11.3,-13.71,-14.67 ,,,-10.12,-10.6,-10.57,,,,
2023.10.24 10:00,-11.54,-14.65,-10.21,-11.3,-13.71,-14.69 ,,,-10.12,-10.6,-10.59,,,,
2023.10.24 11:00,-11.54,-14.65,-10.21,-11.29,-13.72,-14.70 ,,,-10.12,-10.6,-10.58,,,,
2023.10.24 12:00,-11.54,-14.65,-10.22,-11.29,-13.71,-14.67 ,,,-10.16,-10.6,-10.6,,,,
2023.10.24 13:00,-11.54,-14.65,-10.22,-11.3,-13.8,-14.70 ,,,-10.15,-10.6,-10.6,,,,
2023.10.24 14:00,-11.54,-14.65,-10.22,-11.3,-13.8,-14.70 ,,,-10.16,-10.6,-10.6,,,,
2023.10.24 15:00,-11.55,-14.65,-10.22,-11.31,-13.7,-14.71 ,,,-10.14,-10.6,-10.6,,,,
2023.10.24 16:00,-11.54,-14.65,-10.21,-11.3,-13.7,-14.70 ,,,-10.14,-10.6,-10.61,,,,
2023.10.24 17:00,-11.54,-14.65,-10.21,-11.3,-13.68,-14.69 ,,,-10.13,-10.6,-10.6,,,,
2023.10.24 18:00,-11.54,-14.65,-10.21,-11.3,-13.65,-14.67 ,,,-10.13,-10.6,-10.59,,,,
2023.10.24 19:00,-11.55,-14.65,-10.21,-11.31,-13.68,-14.69 ,,,-10.14,-10.6,-10.6,,,,
2023.10.24 20:00,-11.55,-14.65,-10.21,-11.3,-13.7,-14.67 ,,,-10.12,-10.6,-10.58,,,,
2023.10.24 21:00,-11.54,-14.65,-10.21,-11.3,-13.74,-14.71 ,,,-10.14,-10.6,-10.61,,,,
2023.10.24 22:00,-11.54,-14.65,-10.21,-11.3,-13.73,-14.71 ,,,-10.12,-10.6,-10.58,,,,
2023.10.24 23:00,-11.54,-14.65,-10.21,-11.3,-13.67,-14.67 ,,,-10.12,-10.6,-10.59,,,,
2023.10.25 0:00,-11.54,-14.65,-10.2,-11.31,-13.63,-14.68 ,,,-10.13,-10.6,-10.6,,,,
2023.10.25 1:00,-11.54,-14.65,-10.2,-11.3,-13.6,-14.68 ,,,-10.12,-10.6,-10.57,,,,
2023.10.25 2:00,-11.54,-14.65,-10.2,-11.3,-13.64,-14.70 ,,,-10.12,-10.6,-10.58,,,,
2023.10.25 3:00,-11.54,-14.65,-10.2,-11.3,-13.69,-14.67 ,,,-10.09,-10.6,-10.56,,,,
2023.10.25 4:00,-11.54,-14.65,-10.2,-11.3,-13.72,-14.70 ,,,-10.05,-10.6,-10.53,,,,
2023.10.25 5:00,-11.54,-14.65,-10.2,-11.3,-13.75,-14.68 ,,,-10.06,-10.6,-10.54,,,,
2023.10.25 6:00,-11.54,-14.65,-10.2,-11.3,-13.8,-14.70 ,,,-10.05,-10.6,-10.53,,,,
2023.10.25 7:00,-11.55,-14.65,-10.2,-11.3,-13.78,-14.70 ,,,-10.03,-10.6,-10.51,,,,
2023.10.25 8:00,-11.55,-14.65,-10.2,-11.29,-13.72,-14.67 ,,,-10.1,-10.6,-10.57,,,,
2023.10.25 9:00,-11.54,-14.65,-10.21,-11.3,-13.72,-14.69 ,,,-10.11,-10.6,-10.56,,,,
2023.10.25 10:00,-11.54,-14.65,-10.21,-11.29,-13.71,-14.70 ,,,-10.14,-10.6,-10.59,,,,
2023.10.25 11:00,-11.54,-14.65,-10.21,-11.29,-13.71,-14.70 ,,,-10.17,-10.6,-10.61,,,,
2023.10.25 12:00,-11.54,-14.65,-10.22,-11.29,-13.72,-14.71 ,,,-10.17,-10.6,-10.62,,,,
2023.10.25 13:00,-11.56,-14.65,-10.22,-11.3,-13.71,-14.68 ,,,-10.16,-10.6,-10.6,,,,
2023.10.25 14:00,-11.61,-14.65,-10.22,-11.3,-13.7,-14.71 ,,,-10.14,-10.6,-10.61,,,,
2023.10.25 15:00,-11.7,-14.65,-10.22,-11.3,-13.7,-14.71 ,,,-10.15,-10.6,-10.61,,,,
2023.10.25 16:00,-11.83,-14.65,-10.22,-11.3,-13.7,-14.67 ,,,-10.13,-10.6,-10.58,,,,
2023.10.25 17:00,-12.02,-14.65,-10.22,-11.31,-13.7,-14.68 ,,,-10.12,-10.6,-10.57,,,,
2023.10.25 18:00,-12.29,-14.65,-10.21,-11.31,-13.7,-14.69 ,,,-10.12,-10.6,-10.59,,,,
2023.10.25 19:00,-12.44,-14.65,-10.21,-11.3,-13.68,-14.71 ,,,-10.13,-10.6,-10.59,,,,
2023.10.25 20:00,,-14.65,-10.21,-11.3,-13.67,-14.68 ,,,-10.12,-10.6,-10.59,,,,
2023.10.25 21:00,,-14.65,-10.21,-11.31,-13.57,-14.71 ,,,-10.12,-10.6,-10.59,,,,
2023.10.25 22:00,,-14.65,-10.21,-11.3,-13.59,-14.69 ,,,-10.11,-10.6,-10.58,,,,
2023.10.25 23:00,,-14.65,-10.21,-11.29,-13.69,-14.69 ,,,-10.12,-10.6,-10.57,,,,
2023.10.26 0:00,,-14.65,-10.21,-11.3,-13.68,-14.71 ,,,-10.12,-10.6,-10.57,,,,
2023.10.26 1:00,,-14.65,-10.21,-11.3,-13.71,-14.68 ,,,-10.11,-10.6,-10.58,,,,
2023.10.26 2:00,,-14.65,-10.21,-11.3,-13.75,-14.69 ,,,-10.13,-10.6,-10.6,,,,
2023.10.26 3:00,,-14.65,-10.21,-11.3,-13.75,-14.70 ,,,-10.1,-10.6,-10.57,,,,
2023.10.26 4:00,,-14.65,-10.21,-11.3,-13.7,-14.71 ,,,-10.09,-10.6,-10.57,,,,
2023.10.26 5:00,,-14.65,-10.21,-11.3,-13.65,-14.70 ,,,-10.07,-10.6,-10.53,,,,
2023.10.26 6:00,,-14.65,-10.21,-11.3,-13.67,-14.68 ,,,-10.08,-10.6,-10.55,,,,
2023.10.26 7:00,,-14.65,-10.21,-11.3,-13.7,-14.68 ,,,-10.08,-10.6,-10.54,,,,
2023.10.26 8:00,,-14.65,-10.21,-11.3,-13.7,-14.68 ,,,-10.1,-10.6,-10.56,,,,
2023.10.26 9:00,,-14.65,-10.22,-11.3,-13.7,-14.67 ,,,-10.13,-10.6,-10.59,,,,
2023.10.26 10:00,,-14.65,-10.22,-11.29,-13.7,-14.71 ,,,-10.15,-10.6,-10.6,,,,
2023.10.26 11:00,,-14.65,-10.22,-11.3,-13.69,-14.67 ,,,-10.16,-10.6,-10.61,,,,
2023.10.26 12:00,,-14.65,-10.22,-11.29,-13.7,-14.69 ,,,-10.14,-10.6,-10.61,,,,
2023.10.26 13:00,,-14.65,-10.23,-11.3,-13.71,-14.67 ,,,-10.14,-10.6,-10.6,,,,
2023.10.26 14:00,,-14.65,-10.23,-11.3,-13.7,-14.68 ,,,-10.13,-10.6,-10.58,,,,
2023.10.26 15:00,,-14.65,-10.23,-11.3,-13.7,-14.71 ,,,-10.13,-10.6,-10.59,,,,
2023.10.26 16:00,,-14.65,-10.22,-11.3,-13.7,-14.70 ,,,-10.13,-10.6,-10.58,,,,
2023.10.26 17:00,,-14.65,-10.22,-11.31,-13.69,-14.71 ,,,-10.12,-10.6,-10.57,,,,
2023.10.26 18:00,,-14.65,-10.22,-11.3,-13.7,-14.68 ,,,-10.13,-10.6,-10.59,,,,
2023.10.26 19:00,-11.54,-14.65,-10.22,-11.3,-13.63,-14.67 ,,,-10.12,-10.6,-10.57,,,,
2023.10.26 20:00,-11.54,-14.65,-10.22,-11.3,-13.64,-14.69 ,,,-10.13,-10.6,-10.6,,,,
2023.10.26 21:00,-11.54,-14.65,-10.22,-11.3,-13.72,-14.69 ,,,-10.13,-10.6,-10.6,,,,
2023.10.26 22:00,-11.54,-14.65,-10.22,-11.3,-13.73,-14.68 ,,,-10.14,-10.6,-10.59,,,,
2023.10.26 23:00,-11.54,-14.65,-10.22,-11.3,-13.73,-14.68 ,,,-10.13,-10.6,-10.59,,,,
2023.10.27 0:00,-11.54,-14.65,-10.22,-11.31,-13.71,-14.69 ,,,-10.14,-10.6,-10.61,,,,
2023.10.27 1:00,-11.54,-14.65,-10.22,-11.3,-13.74,-14.69 ,,,-10.14,-10.6,-10.59,,,,
2023.10.27 2:00,-11.54,-14.65,-10.22,-11.3,-13.76,-14.67 ,,,-10.12,-10.6,-10.58,,,,
2023.10.27 3:00,-11.54,-14.65,-10.21,-11.3,-13.74,-14.69 ,,,-10.08,-10.6,-10.55,,,,
2023.10.27 4:00,-11.54,-14.65,-10.21,-11.3,-13.68,-14.69 ,,,-10.07,-10.6,-10.54,,,,
2023.10.27 5:00,-11.54,-14.65,-10.21,-11.3,-13.65,-14.67 ,,,-10.03,-10.6,-10.5,,,,
2023.10.27 6:00,-11.54,-14.65,-10.21,-11.3,-13.71,-14.71 ,,,-10.08,-10.6,-10.54,,,,
2023.10.27 7:00,-11.54,-14.65,-10.21,-11.31,-13.74,-14.71 ,,,-10.11,-10.6,-10.58,,,,
2023.10.27 8:00,-11.54,-14.65,-10.21,-11.3,-13.76,-14.71 ,,,-10.12,-10.6,-10.57,,,,
2023.10.27 9:00,-11.54,-14.65,-10.21,-11.29,-13.75,-14.69 ,,,-10.18,-10.6,-10.63,,,,
2023.10.27 10:00,-11.54,-14.65,-10.21,-11.3,-13.77,-14.68 ,,,-10.18,-10.6,-10.63,,,,
2023.10.27 11:00,-11.54,-14.65,-10.22,-11.29,-13.8,-14.70 ,,,-10.17,-10.6,-10.62,,,,
2023.10.27 12:00,-11.54,-14.65,-10.22,-11.3,-13.89,-14.71 ,,,-10.14,-10.6,-10.6,,,,
2023.10.27 13:00,-11.54,-14.65,-10.22,-11.29,-13.66,-14.67 ,,,-10.14,-10.6,-10.61,,,,
2023.10.27 14:00,-11.54,-14.65,-10.22,-11.3,-13.65,-14.70 ,,,-10.15,-10.6,-10.61,,,,
2023.10.27 15:00,-11.54,-14.65,-10.22,-11.3,-13.6,-14.70 ,,,-10.14,-10.6,-10.61,,,,
2023.10.27 16:00,-11.54,-14.65,-10.22,-11.31,-13.6,-14.67 ,,,-10.13,-10.6,-10.59,,,,
2023.10.27 17:00,-11.54,-14.65,-10.22,-11.3,-13.6,-14.71 ,,,-10.13,-10.6,-10.58,,,,
2023.10.27 18:00,-11.54,-14.65,-10.22,-11.31,-13.74,-14.68 ,,,-10.13,-10.6,-10.59,,,,
2023.10.27 19:00,-11.54,-14.65,-10.21,-11.3,-13.73,-14.67 ,,,-10.13,-10.6,-10.6,,,,
2023.10.27 20:00,-11.54,-14.65,-10.21,-11.3,-13.67,-14.71 ,,,-10.12,-10.6,-10.57,,,,
2023.10.27 21:00,-11.54,-14.65,-10.21,-11.3,-13.63,-14.68 ,,,-10.13,-10.6,-10.58,,,,
2023.10.27 22:00,-11.54,-14.65,-10.21,-11.31,-13.6,-14.69 ,,,-10.13,-10.6,-10.59,,,,
2023.10.27 23:00,-11.54,-14.65,-10.21,-11.3,-13.64,-14.69 ,,,-10.13,-10.6,-10.6,,,,
2023.10.28 0:00,-11.54,-14.65,-10.21,-11.3,-13.69,-14.71 ,,,-10.11,-10.6,-10.58,,,,
2023.10.28 1:00,-11.54,-14.65,-10.21,-11.3,-13.72,-14.67 ,,,-10.05,-10.6,-10.53,,,,
2023.10.28 2:00,-11.54,-14.65,-10.21,-11.3,-13.75,-14.67 ,,,-10.04,-10.6,-10.53,,,,
2023.10.28 3:00,-11.54,-14.65,-10.21,-11.3,-13.68,-14.71 ,,,-10.02,-10.6,-10.51,,,,
2023.10.28 4:00,-11.54,-14.65,-10.21,-11.3,-13.69,-14.67 ,,,-10.03,-10.6,-10.5,,,,
2023.10.28 5:00,-11.54,-14.65,-10.21,-11.3,-13.71,-14.68 ,,,-10.07,-10.6,-10.54,,,,
2023.10.28 6:00,-11.54,-14.65,-10.21,-11.31,-13.71,-14.68 ,,,-10.11,-10.6,-10.57,,,,
2023.10.28 7:00,-11.54,-14.65,-10.21,-11.3,-13.72,-14.67 ,,,-10.16,-10.6,-10.62,,,,
2023.10.28 8:00,-11.54,-14.65,-10.21,-11.29,-13.71,-14.70 ,,,-10.19,-10.6,-10.63,,,,
2023.10.28 9:00,-11.54,-14.65,-10.21,-11.3,-13.8,-14.69 ,,,-10.18,-10.6,-10.64,,,,
2023.10.28 10:00,-11.54,-14.65,-10.21,-11.3,-13.8,-14.71 ,,,-10.16,-10.6,-10.62,,,,
2023.10.28 11:00,-11.54,-14.65,-10.22,-11.28,-13.7,-14.70 ,,,-10.15,-10.6,-10.59,,,,
2023.10.28 12:00,-11.55,-14.65,-10.23,-11.29,-13.7,-14.71 ,,,-10.14,-10.6,-10.61,,,,
2023.10.28 13:00,-11.54,-14.65,-10.23,-11.3,-13.68,-14.68 ,,,-10.14,-10.6,-10.59,,,,
2023.10.28 14:00,-11.54,-14.65,-10.23,-11.3,-13.65,-14.71 ,,,-10.13,-10.6,-10.58,,,,
2023.10.28 15:00,-11.54,-14.65,-10.22,-11.31,-13.68,-14.71 ,,,-10.14,-10.6,-10.61,,,,
2023.10.28 16:00,-11.55,-14.65,-10.21,-10.73,-13.7,-14.67 ,,,-10.13,-10.6,-10.58,,,,
2023.10.28 17:00,-11.55,-14.65,-10.2,,-13.74,-14.68 ,,,-10.14,-10.6,-10.6,,,,
2023.10.28 18:00,-11.54,-14.65,-10.19,,-13.73,-14.67 ,,,-10.12,-10.6,-10.57,,,,
2023.10.28 19:00,-11.54,-14.66,,,-13.67,-14.67 ,,,-10.12,-10.6,-10.57,,,,
2023.10.28 20:00,-11.54,-14.65,,,-13.63,-14.67 ,,,-10.13,-10.6,-10.6,,,,
2023.10.28 21:00,-11.54,-14.65,,,-13.6,-14.70 ,,,-10.12,-10.6,-10.57,,,,
2023.10.29 5:00,-11.54,-14.65,,,-13.64,-14.71 ,,,-10.12,-10.6,-10.57,,,,
2023.10.29 6:00,-11.54,-14.65,,,-13.69,-14.67 ,,,-10.13,-10.6,-10.58,,,,
2023.10.29 7:00,-11.54,-14.65,,,-13.72,-14.68 ,,,-10.12,-10.6,-10.57,,,,
2023.10.29 8:00,-11.54,-14.65,,,-13.75,-14.69 ,,,-10.1,-10.6,-10.56,,,,
2023.10.29 9:00,-11.54,-14.65,,,-13.8,-14.67 ,,,-10.09,-10.6,-10.55,,,,
2023.10.29 10:00,-11.54,-14.65,,,-13.78,-14.71 ,,,-10.07,-10.6,-10.55,,,,
2023.10.29 11:00,-11.55,-14.65,,,-13.72,-14.68 ,,,-10.07,-10.6,-10.55,,,,
2023.10.29 12:00,-11.55,-14.65,,,-13.72,-14.67 ,,,-10.07,-10.6,-10.53,,,,
2023.10.29 13:00,-11.54,-14.65,,,-13.71,-14.68 ,,,-10.1,-10.6,-10.58,,,,
2023.10.29 14:00,-11.54,-14.65,,,-13.71,-14.71 ,,,-10.12,-10.6,-10.59,,,,
2023.10.29 15:00,-11.54,-14.65,,,-13.72,-14.71 ,,,-10.15,-10.6,-10.6,,,,
2023.10.29 16:00,-11.54,-14.65,,,-13.71,-14.67 ,,,-10.16,-10.6,-10.61,,,,
2023.10.29 17:00,-11.56,-14.65,,,-13.7,-14.69 ,,,-10.15,-10.6,-10.61,,,,
2023.10.29 18:00,-11.61,-14.65,,,-13.7,-14.67 ,,,-10.14,-10.6,-10.6,,,,
2023.10.29 19:00,-11.7,-14.65,,,-13.7,-14.69 ,,,-10.14,-10.6,-10.6,,,,
2023.10.29 20:00,-11.83,-14.65,,,-13.7,-14.68 ,,,-10.14,-10.6,-10.6,,,,
2023.10.29 21:00,-12.02,-14.65,,,-13.7,-14.70 ,,,-10.13,-10.6,-10.59,,,,
2023.10.29 22:00,-12.29,-14.65,,,-13.68,-14.69 ,,,-10.13,-10.6,-10.59,,,,
2023.10.29 23:00,-12.44,-14.65,,,-13.67,-14.69 ,,,-10.12,-10.6,-10.57,,,,
2023.10.30 0:00,,-14.65,,,-13.57,-14.69 ,,,-10.13,-10.6,-10.6,,,,
2023.10.30 1:00,,-14.65,,,-13.59,-14.69 ,,,-10.13,-10.6,-10.6,,,,
2023.10.30 2:00,,-14.65,,,-13.69,-14.70 ,,,-10.12,-10.6,-10.58,,,,
2023.10.30 3:00,,-14.65,,,-13.68,-14.68 ,,,-10.12,-10.6,-10.57,,,,
2023.10.30 4:00,,-14.65,,,-13.71,-14.68 ,,,-10.13,-10.6,-10.59,,,,
2023.10.30 5:00,,-14.65,,,-13.75,-14.70 ,,,-10.12,-10.6,-10.57,,,,
2023.10.30 6:00,,-14.65,,,-13.75,-14.67 ,,,-10.12,-10.6,-10.57,,,,
2023.10.30 7:00,,-14.65,,,-13.7,-14.67 ,,,-10.12,-10.6,-10.57,,,,
2023.10.30 8:00,,-14.65,,,-13.65,-14.68 ,,,-10.11,-10.6,-10.58,,,,
2023.10.30 9:00,,-14.65,,,-13.67,-14.71 ,,,-10.09,-10.6,-10.57,,,,
2023.10.30 10:00,,-14.65,,,-13.7,-14.70 ,,,-10.07,-10.6,-10.55,,,,
2023.10.30 11:00,,-14.65,,,-13.7,-14.69 ,,,-10.07,-10.6,-10.53,,,,
2023.10.30 12:00,,-14.65,,,-13.7,-14.71 ,,,-10.07,-10.6,-10.53,,,,
2023.10.30 13:00,,-14.65,,,-13.7,-14.68 ,,,-10.11,-10.6,-10.58,,,,
2023.10.30 14:00,,-14.65,,,-13.69,-14.68 ,,,-10.11,-10.6,-10.58,,,,
2023.10.30 15:00,,-14.65,,,-13.7,-14.68 ,,,-10.15,-10.6,-10.6,,,,
2023.10.30 16:00,,-14.65,,,-13.71,-14.71 ,,,-10.16,-10.6,-10.6,,,,
2023.10.30 17:00,,-14.65,,,-13.71,-14.67 ,,,-10.16,-10.6,-10.62,,,,
2023.10.30 18:00,,-14.65,,,-13.72,-14.70 ,,,-10.14,-10.6,-10.61,,,,
2023.10.30 19:00,,-14.65,,,-13.71,-14.70 ,,,-10.15,-10.6,-10.6,,,,
2023.10.30 20:00,,-14.65,,,-13.7,-14.71 ,,,-10.09,-10.6,-10.55,,,,
2023.10.30 21:00,,-14.65,,,-13.7,-14.70 ,,,-10.09,-10.6,-10.57,,,,
2023.10.30 22:00,,-14.65,,,-13.7,-14.68 ,,,-10.1,-10.6,-10.56,,,,
2023.10.30 23:00,,-14.65,,,-13.7,-14.70 ,,,-10.1,-10.6,-10.57,,,,
2023.10.31 0:00,,-14.65,,,-13.7,-14.71 ,,,-10.09,-10.6,-10.57,,,,
2023.10.31 1:00,,-14.65,,,-13.68,-14.69 ,,,-10.12,-10.6,-10.57,,,,
2023.10.31 2:00,,-14.65,,,-13.67,-14.68 ,,,-10.13,-10.6,-10.58,,,,
2023.10.31 3:00,,-14.65,,,-13.57,-14.70 ,,,-10.15,-10.6,-10.59,,,,
2023.10.31 4:00,,-14.65,,,-13.59,-14.69 ,,,-10.14,-10.6,-10.6,,,,
2023.10.31 5:00,,-14.65,,,-13.69,-14.70 ,,,-10.12,-10.6,-10.57,,,,
2023.10.31 6:00,,-14.65,,,-13.68,-14.69 ,,,-10.13,-10.6,-10.58,,,,
2023.10.31 7:00,,-14.65,,,-13.71,-14.69 ,,,-10.12,-10.6,-10.57,,,,
2023.10.31 8:00,,-14.65,,,-13.75,-14.69 ,,,-10.12,-10.6,-10.58,,,,
2023.10.31 9:00,,-14.65,,,-13.75,-14.70 ,,,-10.12,-10.6,-10.58,,,,
2023.10.31 10:00,,-14.65,,,-13.7,-14.70 ,,,-10.12,-10.6,-10.58,,,,
2023.10.31 11:00,,-14.65,,,-13.65,-14.67 ,,,-10.12,-10.6,-10.58,,,,
2023.10.31 12:00,,-14.65,,,-13.67,-14.69 ,,,-10.13,-10.6,-10.59,,,,
2023.10.31 13:00,,-14.65,,,-13.7,-14.69 ,,,-10.1,-10.6,-10.57,,,,
2023.10.31 14:00,,-14.65,,,-13.7,-14.69 ,,,-10.13,-10.6,-10.58,,,,
2023.10.31 15:00,,-14.65,,,-13.7,-14.71 ,,,-10.13,-10.6,-10.6,,,,
2023.10.31 16:00,,-14.65,,,-13.7,-14.68 ,,,-10.1,-10.6,-10.56,,,,
2023.10.31 17:00,,-14.65,,,-13.69,-14.70 ,,,-10.14,-10.6,-10.61,,,,
2023.10.31 18:00,,-14.65,,,-13.7,-14.67 ,,,-10.11,-10.6,-10.56,,,,
2023.10.31 19:00,,-14.65,,,-13.71,-14.70 ,,,-10.12,-10.6,-10.57,,,,
2023.10.31 20:00,,-14.65,,,-13.7,-14.71 ,,,-10.12,-10.6,-10.59,,,,
2023.10.31 21:00,,-14.65,,,-13.7,-14.68 ,,,-10.12,-10.6,-10.57,,,,
2023.10.31 22:00,,-14.65,,,-13.7,-14.71 ,,,-10.12,-10.6,-10.57,,,,
2023.10.31 23:00,,-14.65,,,-13.69,-14.68 ,,,-10.12,-10.6,-10.59,,,,
2023.11.1 0:00,,-14.65,,,-13.7,-14.71 ,,,-10.12,-10.6,-10.59,,,,
2023.11.1 1:00,,-14.65,,,-13.63,-14.68 ,,,-10.11,-10.6,-10.56,,,,
2023.11.1 2:00,,-14.65,,,-13.64,-14.67 ,,,-10.13,-10.6,-10.6,,,,
2023.11.1 3:00,,-14.65,,,-13.72,-14.71 ,,,-10.11,-10.6,-10.57,,,,
2023.11.1 4:00,,-14.65,,,-13.73,-14.70 ,,,-10.13,-10.6,-10.6,,,,
2023.11.1 5:00,,-14.65,,,-13.73,-14.70 ,,,-10.11,-10.6,-10.56,,,,
2023.11.1 6:00,,-14.65,,,-13.71,-14.69 ,,,-10.12,-10.6,-10.59,,,,
2023.11.1 7:00,,-14.65,,,-13.74,-14.69 ,,,-10.1,-10.6,-10.58,,,,
2023.11.1 8:00,,-14.65,,,-13.76,-14.69 ,,,-10.11,-10.6,-10.57,,,,
2023.11.1 9:00,,-14.65,,,-13.74,-14.67 ,,,-10.11,-10.6,-10.57,,,,
2023.11.1 10:00,,-14.65,,,-13.68,-14.68 ,,,-10.1,-10.6,-10.57,,,,
2023.11.1 11:00,,-14.65,,,-13.65,-14.70 ,,,-10.11,-10.6,-10.56,,,,
2023.11.1 12:00,,-14.65,,,-13.71,-14.70 ,,,-10.11,-10.6,-10.58,,,,
2023.11.1 13:00,,-14.65,,,-13.74,-14.67 ,,,-10.11,-10.6,-10.56,,,,
2023.11.1 14:00,,-14.65,,,-13.76,-14.67 ,,,-10.12,-10.6,-10.58,,,,
2023.11.1 15:00,,-14.65,,,-13.75,-14.68 ,,,-10.11,-10.6,-10.58,,,,
2023.11.1 16:00,,-14.65,,,-13.77,-14.69 ,,,-10.13,-10.6,-10.58,,,,
2023.11.1 17:00,,-14.65,,,-13.8,-14.70 ,,,-10.13,-10.6,-10.6,,,,
2023.11.1 18:00,,-14.65,,,-13.89,-14.67 ,,,-10.13,-10.6,-10.59,,,,
2023.11.1 19:00,,-14.65,,,-13.71,-14.69 ,,,-10.13,-10.6,-10.58,,,,
2023.11.1 20:00,,-14.65,,,-13.65,-14.69 ,,,-10.12,-10.6,-10.58,,,,
2023.11.1 21:00,,-14.65,,,-13.65,-14.68 ,,,,-10.71,,,,,
2023.11.1 22:00,,,,,,,,,,,,,,,